"Fixation.Per.Trial","Duration.of.Fixation","Horizontal.Dispersion","Vertical.Dispersion","Velocity.Horizontal","Velocity.Vertical","Condition","SubjectID","Trial.Number"
-51.9950980392157,40.7223606723489,2.57622657698182,1.76833757257328,0.240069034543513,-0.0107797821539801,0,88,2
-49.9950980392157,-4.17801609301615,0.913542393919073,0.0829393892982313,-0.13285344243257,-0.120513075624991,1,88,2
-9.99509803921569,19.723350137456,-0.0541501355092524,-0.0528784403093276,0.0400338216258777,-0.0512891888791364,0,125,2
-6.99509803921569,-20.4463763876922,-0.175260413423708,0.0525756959828674,0.0911179181219954,-0.215722070877135,1,116,2
14.0049019607843,-23.680198121514,-0.0378095266390134,-0.182460027019588,-0.0361056324801524,-0.014229547414102,1,133,2
-61.9950980392157,46.9654760013179,0.0927329463158306,0.0935505609484404,-0.050023166102951,-0.0924782854115385,0,14,2
46.0049019607843,-29.7096342591469,-0.101595979391031,-0.237989635747868,0.00160360727189913,0.0216295781758261,1,8,1
18.0049019607843,-22.6576250267386,-0.0538339828271224,-0.127976816375916,0.0884888057608597,0.0801364252505009,1,117,2
-21.9950980392157,-13.1328340931372,-0.0231659707602714,-0.245224985300647,0.0765072920820173,-0.110612254262362,1,14,2
32.0049019607843,4.17766223119175,-0.0520823819741644,0.0480771377105423,0.0582389327121238,0.0840443475517483,0,138,2
7.00490196078431,-22.1414473985527,-0.216027375322405,-0.177003468412995,0.0991013305793993,0.0017063647660302,1,136,1
91.0049019607843,-10.5012970226129,0.0578212763127517,-0.00119484142487369,-0.0523870551780365,0.0850355246837215,0,137,1
-1.99509803921569,-18.6802408803116,-0.174416687516721,-0.103731695648737,-0.128099315482571,-0.0728878190123985,1,51,1
16.0049019607843,-21.4051931265089,-0.146807695585906,-0.244810256900121,-0.00987026798579077,-0.0420379928089319,1,19,2
-8.99509803921569,19.7049886916729,-0.00496616478730738,0.155571184267451,0.121851701384827,-0.0982050004930105,0,31,2
44.0049019607843,-27.9561202192182,-0.124189513838083,-0.223929870446733,0.0204128776302982,0.0642161276195688,1,152,1
-58.9950980392157,43.9879886916729,-0.0842725571736654,0.0424049107055123,-0.222946093132243,0.236844167017998,0,74,1
-13.9950980392157,21.1044172631015,-0.00416379996196936,0.0591800748337483,-0.181012351080739,0.208585914005687,0,13,2
111.004901960784,-16.1102545515703,-0.127279649569618,0.311120825455371,0.116984883632632,-0.0952781787694475,0,98,1
8.00490196078431,-21.7471611210613,-0.155332598236095,-0.281071496994308,-0.142445816429644,-0.0311472999576587,1,131,1
32.0049019607843,-26.1591075282585,-0.166827175913085,-0.198563146311765,-0.00382765028579967,0.0018198482226457,1,111,1
38.0049019607843,-27.1532065945225,-0.161487575568026,-0.152636956694325,-0.0855969956493423,-0.0228116636936927,1,52,2
-8.99509803921569,-16.6270113083271,-0.238798001608058,-0.234020635069376,0.145528499175894,-0.028973913149036,1,36,2
-6.99509803921569,-19.0495509908668,-0.0627986865997114,-0.108944967152413,-0.0242016270048231,-0.10354600506055,1,140,2
8.00490196078431,-23.4362996978402,-0.229764045966507,-0.255731053844206,0.0143317454403064,-0.170312660796859,1,40,2
33.0049019607843,-25.1923537740806,-0.0885924639927984,-0.0679578601666126,-0.12979327768244,-0.0637036793049475,1,55,2
-22.9950980392157,-12.9136214778187,-0.00474133125743237,-0.0190657306918387,-0.403527486276003,-0.149381221044616,1,7,1
6.00490196078431,-23.0179547045536,-0.100989794584147,-0.281616141210527,-0.106028626354351,0.0400629000201519,1,21,2
37.0049019607843,4.25123193491605,0.00923882693268063,-0.0324940942774726,0.0419611065156419,-0.0078132710782573,0,85,1
-5.99509803921569,18.9393128023447,-0.0719874124105964,-0.114670946679817,0.11505181741442,-0.0322471834306768,0,43,2
77.0049019607843,-33.7836779749939,-0.153122066981465,-0.218709811546091,0.0299922453362268,-0.0239457884259547,1,128,1
-30.9950980392157,-11.5468358697306,-0.136495321894724,-0.162983859268588,-0.00773379466598457,0.0405651793541435,1,110,1
10.0049019607843,-22.0826246912267,-0.0400565418721023,-0.266139445445264,0.0594022972444147,-0.145742157192042,1,48,1
-5.99509803921569,-18.7326239565485,-0.0371694092509534,-0.191106642542945,-0.0459974547856556,0.02650476089499,1,78,1
-2.99509803921569,19.2423636916728,-0.0421052830760894,-0.164780827596762,0.172375525252929,-0.0433763513916513,0,8,1
11.0049019607843,-21.9447890861049,-0.195401708554108,-0.304273339646832,-0.140246112546228,-0.0024409863352691,1,149,1
-1.99509803921569,-19.6958050826463,0.976035099747943,-0.106139382965003,-0.611550888535002,0.0729761857815027,1,66,1
22.0049019607843,10.5280064852672,0.144226591330261,0.502416033153903,-0.108290523195702,0.0540068631467483,0,63,1
14.0049019607843,11.1696187283029,-0.0203670108681133,-0.0266303958758296,0.101167706269939,0.117493444325027,0,92,1
4.00490196078431,14.9770951555512,0.189952831152316,0.418776031427165,0.0235978184469807,-0.0980600538177715,0,67,1
-18.9950980392157,25.3371553583395,0.0914995524136897,0.168589077748638,0.0470310194617326,-0.126833615395736,0,41,2
-1.99509803921569,12.6038058122954,-0.0270741015337924,0.313192875923582,-0.145953133778518,0.0400225072583581,0,119,1
13.0049019607843,7.52637104461405,-0.21735716285916,-0.173536443838469,0.152630655761747,-0.0185788609122219,0,118,2
-59.9950980392157,46.0676620585069,0.222631646798869,0.187786143760703,-0.430495589118609,0.320081993238191,0,105,2
-70.9950980392157,53.1010737980559,-0.0619235957662264,-0.1486342045285,0.134962708990686,-0.0126260645708646,0,44,1
39.0049019607843,3.95849204737755,-0.179270715096393,-0.0833421580167826,-0.0510437038976059,0.0295751992006423,0,40,1
-45.9950980392157,36.7949605226589,0.558040041947393,0.27458090102806,0.227053493077868,-0.230029166339036,0,66,2
-41.9950980392157,35.4371361571109,0.704151716251783,0.457194678194723,-0.260718046837538,0.123171211037802,0,132,2
16.0049019607843,11.1875341462183,-0.128957259281718,-0.0522337512340776,0.182765804621473,-0.02469018387936,0,76,1
-3.99509803921569,-18.3493642495037,0.0688261457202857,-0.0632165588581787,-0.262283185057121,-0.0439823427271723,1,89,1
-17.9950980392157,-14.7757250012733,-0.101733583678072,-0.187091364242294,0.0599447080520547,-0.0704613065247705,1,145,1
56.0049019607843,-1.37494781626366,-0.0566107107542154,0.244098041175896,0.030254517555783,-0.103109067416413,0,125,1
-0.995098039215691,-19.4406547191799,-0.190576188210613,-0.153836270934275,0.142809322772856,0.041030262335514,1,71,2
24.0049019607843,9.57821837365165,-0.233444966318317,-0.000471747046016713,-0.117664187692877,0.188008881776843,0,35,1
-15.9950980392157,-14.3731841478333,-0.175011483084746,-0.224367149608946,-0.0274796190866847,0.11996734125161,1,4,2
-14.9950980392157,21.0797100031483,0.586660809645433,0.371970970349937,0.190385726660412,-0.0025378245294128,0,58,2
-1.99509803921569,17.6271521157973,-0.0953319178229944,0.113820268443019,0.0951701633405328,-0.0059298924402414,0,36,1
-39.9950980392157,-8.07705697042765,-0.12254416268797,-0.20613123628202,-0.0782022386223348,-0.0085156991419351,1,57,1
55.0049019607843,-31.2969476140596,-0.280020212216623,-0.261226178586207,0.0534250728390047,-0.0495281947437833,1,95,2
38.0049019607843,4.75251731120144,-0.0820346870798894,0.492008593278153,0.148801119847746,-0.0023819173623961,0,104,2
-44.9950980392157,-8.92308607468225,-0.207439418143622,-0.220817387116943,-0.0127919347963642,-0.0102283886468579,1,31,2
0.00490196078430927,15.7507493094334,-0.0129318064938674,-0.0701877285840087,-0.177665253631835,0.136093799174469,0,27,1
-10.9950980392157,19.5644403045761,0.148562556347243,0.0895440259114474,-0.0139428565233612,0.145442294483066,0,106,2
-13.9950980392157,-17.054766410368,-0.189081653981795,-0.128312566611327,0.0540221143153121,0.0237976830223581,1,129,2
-17.9950980392157,-14.8587125531404,-0.185008317583909,-0.115708730512741,-0.0886859086838203,0.046489354224707,1,71,1
105.004901960784,-15.051077242393,-0.192728653768392,0.0686141676410623,-0.117212872671314,0.0921554386215527,0,123,2
-25.9950980392157,-13.5022044413744,-0.151678562939265,-0.254797090604358,0.17767454757039,-0.0103412673289899,1,69,1
65.0049019607843,-30.0275051354877,0.0496486591082667,-0.176591084361859,-0.0737680145270539,0.0909687649171518,1,120,2
5.00490196078431,-20.3329203992363,-0.214732199614606,-0.328209006934979,0.277385013882551,-0.0384677427368338,1,64,1
47.0049019607843,0.933642286444055,0.0681943679087006,0.194979492381342,0.127710419840408,0.106959293094912,0,120,1
35.0049019607843,-26.3398004239735,-0.261414699232067,-0.226642575848439,-0.0574382468428468,-0.0587493603707749,1,52,1
-5.99509803921569,-17.1990271186039,-0.17885756351941,-0.260777366020605,-0.104281329297617,0.0225358465467631,1,18,1
4.00490196078431,-20.4145398254375,-0.161331497475462,-0.166572950988672,0.0701721322665001,-0.0212463377613273,1,39,2
-23.9950980392157,27.0180950746516,-0.0357922018632104,-0.0970743650458187,-0.245326707963049,0.232828021140069,0,1,1
31.0049019607843,5.58471282960384,-0.143126897482741,-0.0873563044495926,0.138361206332391,-0.0650161029071845,0,128,2
-47.9950980392157,38.3557375068388,-0.0719813799036134,-0.0628236202769937,-0.0907436614871483,0.168166411236726,0,60,1
-17.9950980392157,21.7097521771501,0.914852080583933,0.740025194676873,-0.0282914494392679,0.0380609237416275,0,102,2
-1.99509803921569,-19.3533926312844,-0.0524370356424664,-0.195350397552724,-0.0907083244643463,-0.0245220412262279,1,11,2
-62.9950980392157,46.5819682835099,-0.0897749662319723,-0.146309862688807,0.125667643220398,-0.0541960281694324,0,94,2
-27.9950980392157,25.206581765266,0.23692050853656,1.62849086057895,0.0662594334175455,-0.286318116121349,0,30,2
57.0049019607843,-0.933467004529646,-0.00669215825621938,0.0192707072748434,0.0887000482951125,-0.0909857888002175,0,65,2
47.0049019607843,-27.863743334471,-0.186553416997287,-0.27503692291642,0.0577218948054679,-0.0201585592251828,1,25,1
28.0049019607843,6.37689113069725,-0.0692742192500154,-0.0694314286259516,-0.155631461056023,0.148484054239186,0,111,2
-4.99509803921569,-16.851263276831,0.0909190823931546,-0.183469548463927,0.310494383564677,0.0135023406792829,1,56,1
-66.9950980392157,50.1590303583398,0.590071008867293,0.469553995859323,-0.000830284407254368,-0.0932962467555815,0,28,1
78.0049019607843,-5.17561664957345,0.204539289525646,0.217015330593826,0.22406295148694,0.0220487249567624,0,115,2
-14.9950980392157,-15.7645522919338,-0.182947787643805,-0.232925286447973,-0.153192114537521,-0.056607093405231,1,107,1
0.00490196078430927,-19.2222236635396,-0.210377354030635,-0.253590305867218,0.00741644458749349,-0.0398331869553951,1,82,1
-12.9950980392157,-17.5824584627986,-0.0330226780915124,0.0872267386899613,-0.077135685241263,-0.100028703698317,1,80,1
-26.9950980392157,27.9088507606383,0.104083378099792,0.151206598286233,-0.215876193846341,0.0301806758975513,0,46,2
15.0049019607843,-21.9947485346045,-0.0757582284940694,-0.248456225388671,-0.341861655483733,0.131095238114264,1,127,1
14.0049019607843,-23.3688428101586,-0.13423983728385,-0.200166934598372,-0.128236976872473,-0.0439169579390117,1,118,1
-14.9950980392157,21.3010214785581,-0.139233499668356,-0.191329237160352,0.141786895064532,0.0600039571418038,0,90,1
-20.9950980392157,-12.81659114026,-0.178731953174275,-0.244896473469665,-0.0574166384900509,-0.0131481981799922,1,108,1
38.0049019607843,4.37204593073005,-0.129268485629056,-0.0264242372554216,0.103442321956939,0.0204059367837457,0,83,2
-13.9950980392157,19.941151956979,0.11939472007498,0.0366798517210033,0.114721705979163,-0.100443702225383,0,49,2
34.0049019607843,-28.1468747895559,0.0610707536912787,-0.231259480438663,-0.439340085955652,0.0177702839790947,1,49,2
39.0049019607843,3.52896184603524,-0.149442463153607,-0.166567269645944,-0.0251999903507557,0.0564492563094129,0,25,1
-6.99509803921569,18.6567982154824,0.113201197426191,0.19706059654718,0.154689654350104,0.0301036921696683,0,120,2
-24.9950980392157,26.735552794237,0.607536057906743,0.268104896620368,0.0293586543189698,0.117617720700859,0,132,1
25.0049019607843,-23.7085606041017,-0.162048063973167,-0.202091788025859,-0.0306612682493377,0.0974902243059921,1,1,2
21.0049019607843,12.0651315488158,-0.0372183392950534,-0.0519163498288996,0.0714514883124413,0.0031632073830092,0,86,1
25.0049019607843,-24.7754620125526,0.00436288754339265,-0.210469466561628,-0.134895077417812,0.0573489365553189,1,152,2
-1.99509803921569,-19.6646766779769,-0.190764174720812,-0.261342075129432,-0.0122288263338053,-0.0362483516829092,1,90,2
-11.9950980392157,-18.0087117131854,-0.235948686808843,-0.165851757812536,-0.0108975219990111,0.0044976624443033,1,121,1
33.0049019607843,-26.1341345959983,-0.15411447873547,-0.279038532659905,0.127479543872514,-0.0218219871803645,1,73,2
-44.9950980392157,-7.35766551393465,0.21811734969074,0.166696273018564,-0.0974355908236753,-0.0463442905762743,1,79,1
-26.9950980392157,-11.9445975152237,-0.101036571985947,0.0731069395932143,-0.0458764557349608,-0.0285126805401443,1,103,2
23.0049019607843,9.45568372713385,-0.0733904776998884,0.394786587529513,0.132875725683192,-0.0485592279261361,0,104,1
63.0049019607843,-5.10303615304765,-0.0442156022154543,0.117707627037888,0.0292458845828745,0.0809834497664721,0,37,2
8.00490196078431,-20.8782472633834,-0.239940460129816,-0.250362254662435,0.000499634664428832,-0.0303561948427286,1,82,2
8.00490196078431,-21.5936030686267,-0.248577673815419,-0.277872395350161,-0.0408720586290343,0.0491630386152753,1,122,1
81.0049019607843,-5.94054072009185,-0.159744209267374,-0.114080675377457,-0.0604608383071283,0.20565607765207,0,16,1
-28.9950980392157,-11.775706960501,-0.0842642398391883,-0.17325905259276,0.137455733347946,-0.0396965418157149,1,84,1
6.00490196078431,-19.5311622517234,0.0154155855087006,-0.190104024063406,0.0584580421445038,-0.0340054323039797,1,27,1
62.0049019607843,-29.5741764173614,-0.0929223778411624,-0.169560864030229,0.025515939386536,0.0101787048109962,1,125,2
-24.9950980392157,-12.2473531886691,-0.159256528545172,-0.206390636676955,0.098097980120437,-0.132010048448405,1,148,1
-7.99509803921569,-17.7594415872116,-0.164754421266443,-0.118792336348981,0.0664669764016079,-0.0593923058667086,1,97,1
45.0049019607843,0.484962375883356,0.0270389091129937,0.122812318691343,-0.141046016107024,0.0793599451447788,0,145,2
9.00490196078431,15.4053767513743,0.0686966912002066,0.0463742969977914,0.0744296217534051,-0.0272964381779786,0,100,2
-6.99509803921569,-17.1328843242001,0.0950678357458706,-0.100866192750728,-0.805097601202579,-0.0379375852653966,1,142,1
-43.9950980392157,37.2353142730678,0.201660365504174,0.540759043354393,0.174358644196298,-0.0425306688111418,0,79,2
12.0049019607843,-25.1659042972571,-0.179991918363979,0.123152450252216,0.0621434056396933,-0.100339614532229,1,98,1
105.004901960784,-13.8505277918437,0.0796236014942107,1.20282585305718,0.0491226230669201,-0.176811106937376,0,54,2
-5.99509803921569,20.8325934347559,0.170943931772745,0.120465605720574,-0.13174456866394,0.0252698110577758,0,91,1
-36.9950980392157,-11.6417860831019,-0.164462284369145,-0.154799282645564,-0.116324335020957,0.0482405317975299,1,87,2
7.00490196078431,12.5126879397932,0.0826035843023727,0.181679873479613,0.0810768659185193,-0.155121443485449,0,38,1
27.0049019607843,7.74837330705745,0.141614194995542,0.414178633413956,0.0693702806829316,0.054670868616444,0,23,1
-35.9950980392157,-8.97015032178005,-0.166967541970592,-0.235722152445047,-0.113249339390801,0.0112299758749509,1,108,2
14.0049019607843,-22.5336779749939,-0.179682737039717,-0.311292511959192,-0.0716253693561285,0.0018354549902472,1,149,2
6.00490196078431,11.6461962388426,-0.0386532439421424,-0.103381371739288,0.025812531296923,0.0538003720978542,0,150,1
-44.9950980392157,-7.80626364477575,-0.150228363875905,-0.218845774755128,0.0473589839699262,0.0268387502153352,1,62,1
-24.9950980392157,-13.136242077558,-0.0717643111427834,-0.255405259672945,-0.111565389221002,-0.0728507368942525,1,9,2
-8.99509803921569,-17.0190113083272,-0.0812991396542284,-0.219486355935224,0.109800068148309,-0.0040433275721043,1,24,2
-54.9950980392157,-4.43563875930755,0.119532810202177,-0.105169004078002,0.0868879867464539,0.0110114729281043,1,102,2
25.0049019607843,-24.9585606041017,-0.118326101068301,-0.237931957768771,0.159963861631704,0.035823071508061,1,5,1
52.0049019607843,-29.78019458807,-0.224864502441805,-0.254783678714725,-0.00693807398626967,-0.0946135339602155,1,43,2
26.0049019607843,-24.4810463960465,-0.0700938096790373,-0.21318116414427,0.0495957646438794,-0.03304446696199,1,34,2
-15.9950980392157,-18.4719495799321,-0.108902129600278,-0.0827785911613856,-0.0194513033068137,0.0383958286901609,1,109,2
43.0049019607843,-26.929925215612,0.45413547861775,0.886775280982933,-0.51062611729552,-0.141550274819743,1,124,1
-27.9950980392157,27.9554995141836,-0.164758439089702,0.0177822846426683,0.0810354352020772,0.119472317875845,0,74,2
-5.99509803921569,17.8484037114357,0.0628284435979987,0.175607393077566,0.124840085416804,-0.0882537469084125,0,97,1
-12.9950980392157,20.275265114437,0.246826209452173,0.282286688865763,-0.0542847731076867,0.0304445270630945,0,3,1
31.0049019607843,-27.408390618672,-0.1580548366911,-0.212535668939406,-0.154990388953247,-0.020940224261365,1,131,2
-6.99509803921569,-18.0733605146764,-0.0110142672619213,-0.0350392748779996,-0.00484790063014187,-0.0817394877592775,1,45,1
-24.9950980392157,-13.738806180122,-0.175760009779205,-0.249782512910456,0.0497723332131224,0.097404218004919,1,92,1
30.0049019607843,9.29907865707075,0.808237013372903,0.611752616856003,-0.0495500910517554,0.0966784866698385,0,56,2
-18.9950980392157,24.0121553583396,-0.0263964683836964,-0.0251748779762256,0.0140637303624636,0.011947657325461,0,18,2
-16.9950980392157,20.1619143115075,0.443187551949427,0.440890539615614,0.0756275509982174,0.0128583350620417,0,58,1
-44.9950980392157,-8.93710476627105,-0.15657887850615,-0.26178811883236,0.0652100805121709,-0.179215835141557,1,17,1
10.0049019607843,-21.2796507135317,-0.133123618627738,-0.269043140022906,0.0361303702932166,0.0259547119287592,1,85,2
28.0049019607843,-24.3966280330659,0.105185009109135,0.0566897694098843,0.0510771108100636,0.004801180244916,1,143,2
-4.99509803921569,-17.6347278437603,-0.127861868437473,-0.208909598196989,-0.0742729366248057,-0.126099279000073,1,107,2
0.00490196078430927,16.8820234407076,0.0152396261708796,0.0535764548390834,0.0232981560694399,-0.0095961150141155,0,57,2
13.0049019607843,11.7543122210846,-0.0738854999762704,-0.196580195499841,-0.0542734523163882,0.18273787362396,0,26,1
16.0049019607843,-23.1251931265089,-0.217600505180204,-0.284952964937217,0.0533611689841545,-0.0331738921710652,1,77,2
-19.9950980392157,22.5095577293298,0.00716169293820368,0.0330382906444063,0.169652163156011,-0.0983381044727345,0,131,1
87.0049019607843,-7.40747373607285,0.0180530235722196,0.135437383081047,0.169724854328195,-0.0154408894347868,0,50,1
66.0049019607843,-6.71316515448095,-0.122450247533965,-0.00540267715228171,0.0956431007987329,0.0622812271337987,0,101,2
7.00490196078431,-20.1677631880263,-0.172952608343038,-0.161900650380772,0.161231654128105,-0.0554073799962515,1,75,1
-45.9950980392157,36.5930825883868,0.0177573739377667,0.0144153858566584,0.106380828717972,-0.0375826885372496,0,114,2
-51.9950980392157,40.3262254066488,0.107204161089569,0.280153384609406,0.191418121730716,-0.000663639161320999,0,80,2
-25.9950980392157,25.7724736702137,-0.171119614863348,-0.141779439024355,0.113902693548808,-0.0055940310565924,0,147,1
-0.995098039215691,-18.9445306881722,-0.147096899994937,-0.168833777602609,0.103125162154175,-0.0415646785601434,1,139,2
33.0049019607843,-25.8430387055875,-0.165862582085042,-0.28670161370111,0.0480774740059472,-0.0167433202299499,1,73,1
-27.9950980392157,-13.1700416113574,-0.19741837631759,0.0218424829073943,-0.151410969912944,-0.056380043318098,1,119,1
24.0049019607843,-24.9023469973731,-0.243372527279017,-0.146347952398463,0.0249286842620479,0.117652296744796,1,13,1
30.0049019607843,-25.7735857027909,-0.263568737395831,-0.229488305757955,0.0813100461668474,0.0365366707367609,1,74,1
106.004901960784,-10.2697510343545,0.418849769113345,0.634624920203733,0.07801214939056,0.0100360360182546,0,92,2
-62.9950980392157,42.9033968549379,1.61441991292763,1.22276912721309,0.181831244642319,0.0568465455378697,0,59,2
-69.9950980392157,50.7361632948479,0.116779756915546,0.370880850436498,-0.0382472852459933,0.0790395787600034,0,140,1
-11.9950980392157,-17.1099262880843,-0.269086647655186,-0.297206927092278,0.0243191966387262,-0.0692689754518035,1,151,2
10.0049019607843,-21.8298365871375,-0.146567031940538,-0.115593036689639,-0.200802121700867,-0.0099391425847089,1,38,1
45.0049019607843,-27.255169203064,-0.0603981980945124,-0.198469115017017,-0.0710625939626254,-0.0187438300733707,1,115,1
-2.99509803921569,-20.5271675583272,-0.228853553726857,-0.190121416671449,0.17386384098869,-0.129570141085411,1,72,2
-5.99509803921569,15.5835815770483,0.00618644600375062,0.00152032959409132,0.152578309594147,-0.142953884352567,0,136,1
10.0049019607843,12.9805723347956,0.000244104332441597,-0.120214108394361,0.162888378186826,-0.0227930891579157,0,82,1
22.0049019607843,6.36786413651275,-0.0282541207221024,0.206603647899613,0.0903935541884588,-0.0836776540717035,0,116,1
11.0049019607843,-23.0040483453641,-0.221664566633319,-0.117816144429868,-0.00845904806815567,0.0361933776962339,1,37,2
13.0049019607843,10.43078280932,-0.197107914678213,-0.170264670936048,0.0991013826497103,-0.0332172070964353,0,126,2
-76.9950980392157,3.35276891145305,-0.172815019963867,-0.185018009703445,-0.00236471144135637,-0.0332969627921448,1,29,1
27.0049019607843,7.08753414621835,0.0054117658156756,0.251734685209704,-0.0209465561375552,0.0844358935051728,0,68,1
14.0049019607843,8.28683484551905,0.0601161118324817,0.0467716706964594,0.205331702503202,0.0027922527511298,0,153,1
24.0049019607843,-23.7080007076204,-0.207181207519098,-0.280376828027416,-0.0339366920435886,-0.0295226813774506,1,77,1
7.00490196078431,13.6329886916728,-0.113029177212315,-0.193241141523735,0.13724168132256,-0.0357560444057727,0,128,1
-4.99509803921569,19.2944060145075,0.122768631213332,0.623981495863033,0.0347579351480243,0.132152914585559,0,103,2
-37.9950980392157,34.0243914066048,0.14239035375798,0.148367320377872,0.0659705368743791,-0.0995417595294055,0,57,1
52.0049019607843,-29.8509341379091,-0.180657603589401,-0.0669550114482896,-0.0487197747287704,0.0526890385539821,1,104,2
-73.9950980392157,3.74379950248365,0.0500792634688096,-0.0231448313801697,-0.212558665919491,0.128751604681146,1,41,2
5.00490196078431,-20.495799187115,-0.137399013300719,-0.174518564593828,0.0795560682095777,-0.159876680431308,1,38,2
29.0049019607843,-25.894789086105,-0.250558703980342,-0.0574994687636927,0.171638616560787,-0.0184145505369377,1,126,1
-1.99509803921569,17.5220937500386,0.167819543132676,0.791419948599513,0.220066266309008,0.11021130160031,0,68,2
0.00490196078430927,-22.2415286828446,0.00262395966773965,0.856429834870113,0.00846132592602846,-0.137256856259809,1,54,2
40.0049019607843,4.60456059802735,0.102429015081594,0.0473130846277663,0.082087010922978,-0.0241205842668958,0,130,2
-6.99509803921569,-18.2836779749939,-0.0104719044820434,-0.158253596149603,-0.120580064791342,-0.0390060094317169,1,78,2
-1.99509803921569,-19.7775171449031,-0.129315921783416,-0.278505027662701,-0.0213795312226353,0.0096659343305665,1,144,2
42.0049019607843,4.11969965512804,0.0105552808598697,0.0774591774978773,-0.147535268919515,0.087345949295425,0,85,2
107.004901960784,-12.6293063902944,0.102560822416344,0.118171953902208,0.0925852122565097,0.0325062904268365,0,137,2
-27.9950980392157,27.5355860942702,-0.0876811191132134,-0.0409999937716506,0.157069326356902,0.0384179566518459,0,32,2
14.0049019607843,-23.1453995867154,-0.174427704439864,-0.305725346867249,-0.054588849225347,0.0302008286090135,1,133,1
-4.99509803921569,-17.4378774500595,-0.0812930782808434,-0.0677427825910606,-0.0361293369128695,-0.0381099297177156,1,70,1
-33.9950980392157,-10.1603446416605,-0.113074480699381,-0.0914318436442307,0.043966944399011,0.054302901538177,1,45,2
-36.9950980392157,26.6870427457269,0.0721381216995947,0.855626954134423,0.117139086460956,-0.173164409525504,0,124,1
-7.99509803921569,19.4278094088044,0.172398636221069,0.119997484309085,0.102482835861568,-0.0300797009985382,0,106,1
32.0049019607843,6.60721549579655,-0.0666928555704854,-0.0185636306631587,0.098832249055011,0.0073690902877393,0,83,1
4.00490196078431,-20.5438173919773,-0.206407083718159,-0.227985549376433,-0.146694947897282,-0.0626513515868895,1,96,2
21.0049019607843,-24.0277255940414,-0.19219652370002,-0.205956662232438,0.0113445559759302,-0.0141887685095365,1,83,2
-0.995098039215691,16.4043065211303,-0.0194275451650343,-0.0944334640828107,0.129460394709966,-0.0302517966626918,0,59,1
21.0049019607843,-23.9384398797557,0.106028324953774,0.122160659186294,-0.212789206501599,-0.0068208277521455,1,89,2
8.00490196078431,14.6161347590886,-0.189254435540321,-0.0483165352650397,-0.0909623699459773,0.165566960136996,0,35,2
-7.99509803921569,18.6549010422705,0.915584975656663,0.668997218597903,0.152190885828586,-0.126023096788545,0,97,2
-45.9950980392157,37.4522375179639,-0.0432257517181414,-0.117954768558024,0.0260581620428501,-0.125786808317327,0,51,2
-3.99509803921569,-20.4748544455821,-0.184126185023884,-0.203659907635591,-0.0336522796333069,0.0486452485038214,1,138,1
26.0049019607843,8.23123430570794,-0.0497696907055193,-0.121290432521564,-0.198677958130298,0.0904113999135128,0,135,2
-5.99509803921569,19.0657950157836,0.133629547128059,0.179201522352487,0.0583905518324646,-0.108182203907792,0,10,1
-14.9950980392157,-16.4038965542288,0.183722064380681,0.0456094931505874,-0.172692995950344,-0.0251818012916068,1,68,2
-17.9950980392157,24.4815364095151,0.00140831063009761,0.190371883440243,0.0466363856694963,-0.112708716619163,0,70,2
-24.9950980392157,25.184270742955,0.0300356081663576,0.17486904105795,0.00604644554134487,0.0323813001728957,0,81,2
-36.9950980392157,-8.75890320021905,-0.0851637823231083,-0.193109514401955,0.0834944730346084,-0.0293122904955352,1,91,1
0.00490196078430927,-18.7589032002191,0.0416857694513546,-0.209027554669955,-0.162441017368019,-0.0009926929858603,1,28,2
120.004901960784,-12.8432646064801,-0.0408236378288074,-0.139728872311508,-0.0507917583752318,0.0576392424973284,0,56,1
14.0049019607843,-22.2552896966056,-0.289401765372365,-0.271031924879101,0.0682018834172443,-0.108132347660828,1,35,2
65.0049019607843,-2.83923353054935,-0.0829148922176703,0.125242013676759,-0.0631638936023006,0.0261828146787192,0,143,1
36.0049019607843,4.71264970862195,0.657532123045813,0.762297371326413,-0.110307067103612,-0.0432111355907932,0,134,1
96.0049019607843,-11.4303915900173,0.111718341585648,0.0797476558590844,0.113723998857276,0.023776970853524,0,11,1
9.00490196078431,13.5061230200311,-0.152728327631319,-0.175654842765497,0.125950101930384,-0.0159942646275584,0,77,1
-27.9950980392157,26.1762787349628,-0.0928860025592413,-0.0568964465363117,0.04109130322562,0.0019911437168091,0,93,1
-48.9950980392157,39.7091791678629,-0.0523224946647783,-0.0592888100573297,0.0165816782199147,-0.0422579258215108,0,108,2
42.0049019607843,2.76421792755325,-0.118105950094835,-0.14328124998476,-0.230526766329006,0.105615501889476,0,135,1
12.0049019607843,-21.3135057732717,-0.100055601787115,-0.168154425155309,-0.115333156664359,0.136801209989304,1,23,1
-1.99509803921569,-21.9798517752533,-0.0039481879050004,1.09154779796678,-0.198968292512907,-0.251862354802839,1,54,1
9.00490196078431,13.2411976468968,0.0239310974347476,-0.0178279568235447,-0.0858583470925993,0.116251006113207,0,82,2
-30.9950980392157,-14.4284148170991,0.115709865918598,0.141941729212533,-0.119926593952188,-0.111338897262059,1,61,1
-15.9950980392157,23.7461574159527,-0.0714681470420864,-0.11954877960702,0.12881130182474,-0.0179796403664532,0,12,1
-18.9950980392157,-15.7128446416605,-0.00711268716668534,-0.106102596191058,0.0993935709218077,0.0273693684852514,1,53,2
84.0049019607843,-4.85534950074695,-0.109925999762095,-0.131631403078067,0.0790175283103294,0.012706102611755,0,75,2
-67.9950980392157,0.667020105285445,-0.0810500741849244,-0.0964153143335126,0.172606610814888,-0.0516577186720947,1,102,1
-19.9950980392157,-15.2561326472392,-0.00918285218549741,-0.00956338956428471,-0.109959196801326,-0.0204061762230306,1,3,2
-104.995098039216,79.5940276527119,0.836781658090153,0.741936014766443,0.322531190048719,-0.262497929138577,0,29,2
35.0049019607843,2.95951930391774,-0.0605356880702114,-0.0626941417584256,0.0417163282564273,0.113357199719038,0,150,2
28.0049019607843,-23.5360008553655,-0.0271186443910694,-0.225075851683003,-0.111019161068408,0.0614678193397916,1,115,2
17.0049019607843,-24.8706344967329,-0.189943261698606,-0.182871538274876,-0.199311455542512,0.210878105784308,1,101,2
-52.9950980392157,-3.79905014327865,-0.125749037513908,-0.149702865851502,-0.0296270902627308,-0.0413651139108903,1,57,2
-18.9950980392157,23.4496553583396,-0.0156616194331763,0.108190846636452,0.129160670510222,0.0444801266923019,0,117,2
-43.9950980392157,-8.02515084321085,-0.20364948478158,-0.0110247734584457,-0.128658177561197,-0.0186051063836325,1,79,2
128.004901960784,-15.6551250034176,-0.00878960119171535,0.0224077383546244,-0.0259837555474262,-0.0434524303439394,0,133,2
-5.99509803921569,-18.1436911502243,-0.0353314418157933,-0.0251600758777537,-0.0578476125082125,-0.0342663859780276,1,145,2
-7.99509803921569,-19.6000790374109,-0.153209649965792,-0.163684948296402,-0.145579110391641,0.027008032893609,1,87,1
-3.99509803921569,-18.3493642495037,-0.0772644718547714,-0.173133322355642,0.0415950802712681,0.071454462889933,1,24,1
2.00490196078431,-19.748237361967,-0.193086706660906,-0.331305473105648,0.105563107018216,0.0193411264369042,1,130,1
48.0049019607843,0.729079896884556,0.109841021275521,0.18484098360197,0.128795724089849,-0.0023133022714293,0,47,2
-16.9950980392157,24.9553027412596,0.164377957076836,0.0783014711464733,0.0610379913393545,-0.103441445911301,0,41,1
-40.9950980392157,34.6100529118558,0.121404752572386,0.0974573897680423,0.0690745878886795,-0.134712311421152,0,107,2
-24.9950980392157,24.303928862613,0.114877493909797,-0.00190317678356366,-0.157561908245667,0.139637639169393,0,49,1
-48.9950980392157,38.4996553583399,-0.106850223975535,-0.0970459228342797,-0.127366152910393,0.114731058789618,0,96,1
-8.99509803921569,21.5249886916728,0.111236000260964,0.172693415299545,0.126535824422948,0.000993423280784,0,141,1
-59.9950980392157,-1.14841834350305,-0.0622825129383703,-0.205804544375237,-0.0730799691681311,-0.0511253075020438,1,114,1
7.00490196078431,11.6856202706202,-0.16686052292043,-0.130901265562426,0.161712728265437,-0.0500674098613876,0,72,2
-48.9950980392157,34.8520363107208,0.298649973807074,0.366028517924835,0.272064620333449,-0.161480308814827,0,84,1
8.00490196078431,-20.3351761023346,-0.16134362074078,-0.25027019140185,-0.0830480264448204,0.0710134371434454,1,1,1
-18.9950980392157,-15.6920113083272,0.0421586309418206,0.0561323634395113,-0.0859055644373213,0.0019347687578289,1,10,2
-26.9950980392157,-11.2678733772927,-0.209446004323244,-0.258959611245075,-0.115897967731238,-0.0387144077865417,1,2,2
-18.9950980392157,-13.5045113083272,0.188154465986904,-0.260081172419913,-0.0921092019194383,-0.00547129441034819,1,132,2
20.0049019607843,-23.7630686559975,-0.243668825734808,-0.159473184910832,0.0388119289704125,0.120280048556448,1,13,2
-38.9950980392157,31.4829886916728,-0.0952523916970294,-0.135151921726972,0.186992931692701,0.0593886259394885,0,90,2
-12.9950980392157,19.0964033258192,-0.0874542587103724,0.0282360841330763,0.090793990058922,0.0273269853344379,0,101,1
44.0049019607843,-27.744899097106,-0.14215404230839,-0.217492329669679,0.0377826647039357,0.116189133317997,1,50,1
-50.9950980392157,40.2579886916728,-0.0928645599766134,-0.0202340832301626,-0.0780506343195935,0.153291279300194,0,60,2
-66.9950980392157,51.7475720250059,0.195440443592373,0.102510138960809,0.0458350035731738,0.0747176269298788,0,4,1
-43.9950980392157,36.2120584591148,0.00103012866551766,0.186319917586045,-0.22310755066835,0.155396382135415,0,87,1
-57.9950980392157,44.0285110797329,-0.00985200897396932,-0.0582052225172526,-0.149318583357757,0.180160299163294,0,149,2
-22.9950980392157,26.9550225899779,0.0736524912417036,-0.0208248263017786,0.23950818794641,-0.269149673048146,0,2,1
-26.9950980392157,26.0209197261557,-0.0163990373521684,0.13244149144848,-0.131010294520232,0.218640630807945,0,13,1
-55.9950980392157,43.6354517458599,0.354928501412585,0.386366256373857,-0.208309243278809,0.133835588149768,0,28,2
5.00490196078431,-19.4465567628727,-0.165272452385353,-0.171785463390833,0.0680888334545283,0.0377591388754391,1,75,2
21.0049019607843,6.47941726310145,0.0739128618814886,0.468811400733393,-0.0126079789698491,-0.0108573183058646,0,124,2
-11.9950980392157,-17.2394809439547,-0.0424120181344044,-0.221577293089578,-0.0720792430308101,-0.0176043658320761,1,11,1
5.00490196078431,15.7352614189456,1.22413497116788,1.58003857274027,-0.0843259239522135,0.0739993490653528,0,79,1
10.0049019607843,-22.6290930927138,-0.204707401699545,-0.132425692421573,-0.0697109136876817,-0.0286155058667459,1,17,2
-3.99509803921569,14.9565181034375,0.300510743197187,0.347255360516024,0.118489750438411,-0.032508297343678,0,109,1
-10.9950980392157,-17.0565274373594,-0.110718130679408,0.0468692452602624,-0.134264925185103,-0.151181022320655,1,119,2
27.0049019607843,7.24837330705745,0.184755699138995,0.364125629445622,0.0800230402985783,0.0299790882188433,0,23,2
-30.9950980392157,28.5584272881641,0.38982297731795,0.170849820314579,0.176381476568908,-0.0790764793421835,0,66,1
29.0049019607843,-25.3253446416605,-0.151862825754645,-0.222570736609724,-0.0555913210460131,-0.14673390003301,1,43,1
1.00490196078431,15.809911768596,0.536968039020893,0.627896334954633,0.0775865744549894,-0.127602630096072,0,10,2
-25.9950980392157,-14.5665821237777,-0.223051815881188,-0.20243708538817,0.0480590438606519,-0.15164969689359,1,113,2
102.004901960784,-12.0415265437843,0.418723867774496,0.481446279418413,0.0632626863887914,0.0311077693674572,0,11,2
-40.9950980392157,-7.79361681291435,-0.0107676724501163,-0.234798023285536,0.0309150627867182,-0.0575453101741,1,99,1
-33.9950980392157,31.7063220250058,0.143981168410237,0.0704243129062584,-0.0440828479450419,-0.0965657667291805,0,9,2
-14.9950980392157,-14.4735686853763,-0.0901885346016904,-0.246120743054016,0.117708530429611,-0.173492978227122,1,14,1
-2.99509803921569,16.7228324416728,0.507160534965123,0.529837563889533,0.00545213471862165,0.0214163998696393,0,48,2
-43.9950980392157,36.2213607846958,-0.0907880774107274,-0.0512838059140127,0.148029544602901,-0.119770365355534,0,17,1
-17.9950980392157,24.5811214717558,-0.0204765678124994,-0.0815391055491657,0.0976478002334356,-0.0229869668368223,0,12,2
-1.99509803921569,-18.7891902966539,-0.247895232499902,-0.324497453980017,0.152643157323536,-0.0134441520536563,1,26,1
-51.9950980392157,-3.56266348224015,-0.235003628199792,-0.226130591137388,0.197063141853459,-0.00468764974425299,1,60,1
-30.9950980392157,29.4619360600939,-0.105198942016963,-0.163161337077519,-0.198972409493847,0.173651026851259,0,130,1
-30.9950980392157,-12.7661341153446,-0.0885529165978364,-0.203372761921897,-0.0224194600351328,0.0987218022021816,1,3,1
41.0049019607843,-28.7903446416604,-0.239351722891593,-0.247665710455136,0.0867399504340717,0.0501557015102053,1,150,2
7.00490196078431,14.4450187668609,-0.134539604057405,-0.201360657583251,-0.0483764548163531,0.176640311697778,0,16,2
32.0049019607843,5.02989590816765,-0.203145721366048,-0.123082179172272,-0.115496922563306,0.11999509867679,0,126,1
56.0049019607843,-4.40669384800965,-0.15981958833485,-0.0140138189010397,-0.122512995601189,0.150929508743925,0,123,1
2.00490196078431,-19.7214174385954,-0.160083920549306,-0.193054699246759,0.026064898119035,-0.0193412722331499,1,110,2
29.0049019607843,5.25798869167285,-0.177458191659162,-0.0713433686151206,0.101167471478821,-0.0581239001082999,0,121,2
40.0049019607843,-0.820188565852249,-0.0376620630349834,0.340031420379298,0.14904787421978,-0.105206014509096,0,113,2
-21.9950980392157,-14.7615260762596,-0.112857668924094,-0.151811901557517,-0.144292033983645,-0.0545597259439769,1,112,1
10.0049019607843,-22.0937771075836,-0.158758513786455,-0.201215785784423,0.0774829738907508,-0.0023436711404534,1,50,2
-11.9950980392157,21.1856202706202,-0.0285530474559874,-0.0328202807591996,0.0917077073557932,-0.0277981840815508,0,24,2
41.0049019607843,-28.2336779749939,-0.146801578680802,-0.2417475210938,0.0660716238025186,0.0376663811379701,1,5,2
11.0049019607843,11.8626183213024,0.0909463921879207,0.0103007728450284,0.108389147592393,0.0420630661820911,0,69,2
0.00490196078430927,-19.0021464434623,-0.227413407013647,-0.187825455375385,0.0970740515256731,0.0213595249752879,1,36,1
72.0049019607843,-30.8670113083272,0.0812808035107536,-0.00668890434678271,-0.0567816988367992,0.172850531937348,1,120,1
-18.9950980392157,-14.3878446416605,-0.102134592638334,-0.0243390234968046,0.133941594571811,0.0032988783155142,1,53,1
19.0049019607843,-23.1871551932192,-0.0437249639492064,-0.203790705127581,0.210909381392649,-0.0045142460493312,1,27,2
-57.9950980392157,44.8991578459019,0.205300953989014,0.0735122730585863,-0.0106154855655586,-0.228509802368931,0,9,1
-9.99509803921569,19.8679284507089,-0.0509254258906723,0.0562606205744364,-0.139420082749733,0.190903630601277,0,53,2
-5.99509803921569,-19.1120705968646,-0.187682563355659,-0.182261270627004,-0.0925319331574353,-0.0336469256095192,1,121,2
40.0049019607843,-27.6897537832436,-0.203636736118046,-0.25151004091459,0.0399606895078636,-0.0141729075466527,1,16,1
12.0049019607843,-22.0367530057442,-0.228793919406729,-0.198492838929849,-0.104641272682037,-0.0622250152417175,1,96,1
-17.9950980392157,22.9338185671916,-0.0339740765545374,0.0415959731177673,0.152651190434529,0.0353695578408453,0,53,1
-6.99509803921569,-17.3114557527716,-0.0726451160396154,-0.0261216940136266,-0.0479192481670215,-0.0334839906877901,1,22,1
9.00490196078431,-19.8744739948944,-0.133576053724341,-0.263540872447583,0.0470293481895278,0.0241439146492,1,86,2
57.0049019607843,-30.0410619412386,-0.0678934219318094,-0.131635880430463,0.0950696417432876,-0.0211587033502504,1,47,2
106.004901960784,-11.5081071987382,0.302254358464311,0.368396399854487,-0.127747618675216,0.175148577673265,0,22,1
20.0049019607843,-22.1071546775027,0.201645050492596,0.155498905337463,-0.36076424152457,0.0641738265240507,1,33,2
-61.9950980392157,45.9908567119779,1.04089438880823,0.783920336509543,0.171644776464948,-0.133725800456856,0,15,2
-27.9950980392157,27.6741142327983,-0.0740709045048824,-0.110764037230694,0.0878189138726972,-0.155928870351874,0,5,2
45.0049019607843,1.47180448114655,0.791634683706583,1.38429519481771,0.0762593380478595,-0.157297902668371,0,143,2
-3.99509803921569,16.125145554418,-0.166098123841767,-0.141863555805207,-0.0365696685706799,0.0882589974459664,0,144,1
15.0049019607843,-24.9910988995681,-0.273955058577746,-0.270819820214773,0.0193115374664715,-0.0396303723501283,1,147,2
4.00490196078431,-22.528608266502,-0.29352964600737,-0.187420351343914,0.0567575457128204,-0.0417373168801575,1,6,1
15.0049019607843,11.0891930712348,1.25934867516079,0.780248863511673,0.10725399735514,-0.128157648680416,0,88,1
-34.9950980392157,-8.91611845118425,0.166418857668725,-0.0806217644327177,-0.292688173270389,0.0392733155023903,1,28,1
-36.9950980392157,-10.1868311281469,0.0545313462503847,-0.231653437644517,-0.0199385165309888,-0.0153559728861303,1,99,2
31.0049019607843,4.72954041581075,0.0582747135172607,0.204086485107893,-0.0389577717365571,0.286013818363959,0,117,1
-56.9950980392157,44.6725926520688,-0.0172820909633313,-0.135953738485169,-0.302728987928603,0.158673411024124,0,44,2
-23.9950980392157,26.3032014576303,-0.0690768912037834,-0.157213665470361,0.159936638269588,0.0234048906406655,0,69,1
7.00490196078431,-20.9760338647181,-0.217309675331104,-0.222924270727012,0.0695032324770598,-0.0481841863738066,1,83,1
7.00490196078431,13.4826127518233,1.02631386780131,1.12120380972439,0.180158309835546,-0.022726441740022,0,89,1
0.00490196078430927,14.283567842252,-0.0846684786068054,-0.00950529220687468,0.0639394339328497,0.10597163993724,0,138,1
15.0049019607843,-23.005697439714,-0.255812057289586,-0.321084634804167,-0.0210045897177353,-0.0361223903406033,1,42,1
-30.9950980392157,-10.0643797293798,-0.204034960515497,-0.248576950256927,-0.000717854769048168,-0.0456888011609277,1,60,2
23.0049019607843,-22.3989262019441,-0.165709130259552,-0.284573248445612,0.0454490936850654,-0.00527608921823629,1,86,1
9.00490196078431,10.6441827215235,-0.164867162753617,-0.126088841908149,0.158727342388581,-0.0319058694058189,0,72,1
-8.99509803921569,19.4609886916729,-0.00637440138945333,0.149691517394622,0.238021468961933,-0.111133682397043,0,31,1
11.0049019607843,-23.2892335305494,-0.161301502876917,-0.244287439454387,-0.0901449260162883,-0.0281257571161271,1,12,2
-1.99509803921569,-18.8670113083272,-0.00652359028517435,-0.186095462471744,-0.749405155808861,0.0645594136498144,1,142,2
7.00490196078431,10.9450187668609,0.000556763902309632,0.145275561670015,0.188360175378218,-0.17387766959174,0,131,2
35.0049019607843,6.38128801140076,-0.0287350706456403,0.0083187797627553,0.0611201014187448,-0.173182372572276,0,52,1
11.0049019607843,-23.8707150120308,-0.216777444237336,-0.251031859744964,-0.0921737359350893,0.176656604536844,1,150,1
-24.9950980392157,-12.4439343852503,0.0036460039520716,-0.103063378268256,0.00415255330680573,-0.0241966507555484,1,67,2
-20.9950980392157,-15.4678516444617,-0.151096533515563,-0.161073780787957,0.191918702127874,-0.0182721667770112,1,84,2
-30.9950980392157,29.5496553583395,0.0621387103323836,0.0998506967753353,-0.199039054864201,0.175542433477583,0,127,1
-10.9950980392157,20.5926661110277,0.217148502013303,0.384820640009395,0.030448556849005,-0.0623379375717895,0,67,2
-18.9950980392157,-17.1420113083271,-0.246060414389558,-0.280842011038317,-0.049076176126219,-0.0290190590533807,1,94,2
-48.9950980392157,35.7663220250058,-0.00831154718690341,0.405234109890526,0.124349398019667,-0.0511597329893216,0,81,1
-49.9950980392157,39.9846633328208,0.138525755538306,0.0977070912274334,0.0116010737703634,0.0296267763639045,0,127,2
-6.99509803921569,21.7163220250061,-0.00216869878472437,-0.0298043142964116,0.0898591310678335,-0.0534646189287094,0,86,2
50.0049019607843,-1.91555499764755,0.00624986496877467,0.635838213685073,-0.00325108470685747,-0.0852820440482025,0,54,1
-14.9950980392157,22.1288903310171,0.0571793981323496,0.0268694642093633,0.109799582298949,0.0030607658112745,0,42,1
-0.995098039215691,-19.2778640215055,-0.239699748044937,-0.297346715254424,-0.0337046360059918,0.0409139307472894,1,122,2
-30.9950980392157,30.8917606214975,0.167666459474477,0.0715667278758854,0.150844182384444,0.0779020088198318,0,19,1
-27.9950980392157,-11.2090026503185,0.177619062347726,-0.216822369781114,-0.47168488585585,0.0528579919498867,1,105,1
18.0049019607843,6.37486594799054,-0.120040387917013,0.122427122968525,0.184496077833556,-0.0241504936553849,0,113,1
-3.99509803921569,13.8898514367709,0.16407228044784,0.466049858811243,0.0579957898899869,-0.0123717145853747,0,39,1
-23.9950980392157,26.18405252146,0.0876512293846556,0.148970988984987,-0.217697569472395,0.0209381845835157,0,46,1
35.0049019607843,-27.5438820566265,0.0232807244854927,-0.0937368047373506,-0.202599844275531,0.0333569469372841,1,48,2
40.0049019607843,0.79519604953235,-0.00652835390364837,-0.0140222411674477,0.172763958718907,-0.022049989112542,0,153,2
16.0049019607843,-25.9688294901454,0.0733460738803576,0.370038067837358,-0.0160602058636063,-0.0406296734865281,1,98,2
93.0049019607843,-8.45792039923625,0.208858311178644,0.266544331757386,0.2426869605382,0.0565567322144726,0,50,2
-4.99509803921569,16.7589729436414,0.291552728904386,0.442330553100387,-0.105486415310664,0.147841972909073,0,151,2
114.004901960784,-13.848244552295,-0.0499834334246483,-0.102843104675847,-0.0326994489768438,0.106843684904652,0,133,1
-53.9950980392157,41.7085984477709,0.000977002310425634,0.0878444077714263,0.173181015694123,-0.0878054081084035,0,129,1
25.0049019607843,-26.13461694213,-0.243839925735412,-0.289270505008184,-0.00262294576660267,-0.0092848051830761,1,95,1
-18.9950980392157,25.2579886916728,0.0835074734174777,-0.0253782374628017,-0.00620849694605097,0.0569344940463353,0,55,1
-1.99509803921569,15.9890198200775,-0.120859567863121,-0.200522889735803,-0.105783752842102,0.181435029084498,0,64,2
37.0049019607843,5.13298869167285,-0.0746492979908934,-0.0677401317562447,-0.0707526193039635,0.106520687503699,0,115,1
-17.9950980392157,-16.5392104784517,0.0209808507225646,-0.0708886794030716,-0.0381247051824694,0.104267482745577,1,134,2
62.0049019607843,-1.36545367592835,-0.0877649563713134,-0.0718991581654407,-0.0796682140855013,0.152570442984775,0,25,2
90.0049019607843,-11.2882147467226,-0.0179523762607574,0.146299998347331,0.0464638447761547,0.0908301958919682,0,37,1
-34.9950980392157,30.9053101202443,0.0612543421779876,0.0372104497318794,0.119411162951225,-0.0332035542607429,0,114,1
-4.99509803921569,-19.3985073713192,-0.0948554058291644,-0.199249217539567,-0.0985810146991693,0.0141475435000762,1,58,1
-26.9950980392157,-14.2894251014306,-0.0965735816824583,-0.244585064506212,0.111051625811802,-0.003602430214937,1,153,2
-46.9950980392157,-7.01323772342145,-0.0928176940114104,-0.262445405923343,0.106426409623791,-0.0200923855805634,1,139,1
36.0049019607843,-26.7076892744289,-0.148907315383595,-0.257061278109683,-0.14302888157819,-0.0724120356610205,1,55,1
-26.9950980392157,28.0381611054659,0.0349875422603666,-0.00198850072472567,-0.292680092556535,0.189586250180918,0,62,1
12.0049019607843,-24.5090777289914,-0.282332305854558,-0.141000123804047,-0.0350983825126168,-0.001740546087619,1,6,2
-13.9950980392157,20.9778866508565,-0.00373702865698133,-0.0395223965872257,0.17439103148263,0.0312427655992228,0,21,2
19.0049019607843,-23.8058602291905,-0.252102705278481,-0.251628687689435,0.165459465741094,-0.0254892190495988,1,32,2
28.0049019607843,-24.9750252456094,-0.0557239821743153,-0.180000293544392,-0.258117628045047,0.214570046412648,1,23,2
-28.9950980392157,29.711249561238,-0.0191143182337143,-0.125171973189685,0.131131976146936,0.0410719571681707,0,24,1
-25.9950980392157,-13.2361100207736,0.0194045091746257,-0.165588749771694,-0.161924237951011,-0.0707445670019795,1,9,1
15.0049019607843,11.6913828522568,0.108323196214474,0.298625001799233,0.155033867291531,-0.120779153465973,0,33,2
-2.99509803921569,-18.0349800583272,-0.100313643232361,-0.279474934319292,-0.221243762106699,0.0239544834612097,1,127,2
3.00490196078431,-18.9051792472585,-0.112689717413482,-0.178009127129071,-0.0414329414634582,0.0395240341188936,1,19,1
22.0049019607843,-25.746014867046,-0.181755966330011,-0.0140665120243516,-0.0575362112958429,0.103759665717771,1,37,1
108.004901960784,-11.0522974118693,-0.129455767121701,-0.204091604756404,0.0623803526267399,0.0924181634971812,0,26,2
-23.9950980392157,22.6819248618856,0.128727892356283,1.06243337660561,0.0204523195872901,-0.253953654577003,0,30,1
-5.99509803921569,19.725874067167,0.0080590522076126,0.130019529450732,0.0463046219343942,-0.0928664433864165,0,112,2
59.0049019607843,-30.6846213712203,-0.139081647016018,-0.191328871227333,-0.027216461395985,0.0311729625604197,1,128,2
72.0049019607843,-33.4561351753967,-0.189268397796691,-0.272458148582211,-0.00623757440217327,-0.0034148129042378,1,16,2
-16.9950980392157,-14.5364327959305,0.335701310371758,-0.221171755611419,-0.198353118735646,-0.0293831493893484,1,132,1
-48.9950980392157,38.3425125011969,1.45664450001274,1.1483448789896,0.116833751607939,-0.0070477682210527,0,15,1
12.0049019607843,-21.5570482086962,-0.246015584653532,-0.333012987746848,0.162538588257394,-0.0334593848474635,1,26,2
-22.9950980392157,27.3957005560796,-0.157501575135478,0.124472229751854,-0.175589677327902,0.146619192266046,0,61,1
8.00490196078431,12.9944119126467,-0.169608212081067,-0.0800641294753827,0.124209284931829,-0.0583087323489709,0,121,1
-1.99509803921569,-18.9175949659148,-0.211976957615304,-0.270746837304454,-0.0494189875496474,0.0655919036070977,1,44,1
29.0049019607843,7.32048869167285,0.00537817704449761,0.0409709198693894,0.087845557655039,0.0440229816787926,0,73,2
-13.9950980392157,-18.8261949817965,-0.0610901154473434,-0.114565978752751,0.0417240168098626,0.043398881151225,1,153,1
27.0049019607843,-26.9788994202152,0.11169923418812,-0.239366064328414,-0.405297297581091,-0.0096105727689816,1,49,1
-61.9950980392157,47.5136993515708,0.0632508131660636,0.0646556077909803,0.0823824663736751,-0.150109808612126,0,70,1
15.0049019607843,12.0891930712348,0.0886817572602596,0.312682648303586,0.158798508554423,0.0178814664901315,0,33,1
-45.9950980392157,35.0625661564619,0.259509705175352,0.350208991006638,0.126105096643339,-0.116608877401345,0,84,2
90.0049019607843,-8.25956145159365,0.623189138958353,0.604864784044703,0.0364199870775595,0.0867270858952945,0,22,2
77.0049019607843,-6.47117797499385,0.0241363295662986,0.0197523252121844,0.037012001408443,0.0220089090299132,0,122,2
34.0049019607843,-26.3755437315354,-0.138195029744668,-0.179267095982977,-0.0262827165600948,-0.132118738762877,1,111,2
-38.9950980392157,34.9420796007638,0.369312077606708,0.206416521530434,0.0980796456785029,0.0770188750444522,0,19,2
-47.9950980392157,36.9955479333788,-0.148865285055942,-0.180004223624225,0.142076947500106,-0.0182742198444115,0,94,1
-41.9950980392157,35.0085647285388,-0.102801491108337,-0.149537035812538,0.182418013545644,-0.0016636974661269,0,32,1
38.0049019607843,2.86026141894556,-0.0831492186557253,-0.0736443831918356,0.121989641178377,-0.0029129884428055,0,47,1
-44.9950980392157,33.1189700000838,0.129426832883727,0.14116693131652,-0.298097877491333,0.0233847214760927,0,3,2
-17.9950980392157,-14.601451142352,-0.160611533605124,-0.25524289613317,-0.107720353018684,0.0037599473329816,1,18,2
-35.9950980392157,31.6486837589378,-0.0591223507306033,0.0768116511647563,0.0386024296371629,0.0345613337407879,0,62,2
-7.99509803921569,-16.9905172844228,-0.0851496661639704,-0.184163728011821,-0.0742498373178855,-0.0377150471938868,1,88,1
-23.9950980392157,-12.1223304572634,-0.0673967348142643,-0.10388446853747,-0.240903096017408,-0.0354203843760603,1,63,2
2.00490196078431,-22.2080074769096,-0.0941341716972904,-0.27786740602858,-0.0562932562711452,0.0258448079984662,1,21,1
69.0049019607843,-3.62310886930275,-0.0396809165316553,-0.0292208903126606,0.0684323793412391,0.0411618105798484,0,122,1
-65.9950980392157,48.9153721113618,0.0857775490611017,0.0211051027080743,0.243302377995777,-0.205118122661622,0,29,1
16.0049019607843,11.3511705098547,-0.0669364996131463,0.10415486906526,0.0772258796809155,-0.0653232102436575,0,36,2
-13.9950980392157,20.1819682835095,-0.141807626328192,-0.142241740870508,-0.00348570253227157,0.051096660851006,0,144,2
-28.9950980392157,-13.5191852213706,-0.171993727486966,-0.209383083285218,0.108807180391883,0.0533137945195728,1,93,1
-28.9950980392157,29.1808147786294,0.0311927822985436,0.552180415544673,0.0713795139808848,0.0801616436896757,0,87,2
21.0049019607843,-23.8134398797557,0.0414144274468566,0.137898895846999,-0.0230907449378603,0.037025775137132,1,39,1
30.0049019607843,-24.6178763602302,-0.134431762245308,-0.167687612018326,0.117163704060688,-0.0748112480617015,1,25,2
-17.9950980392157,-15.9873432585347,-0.17035811498611,-0.269237263912711,0.134623468059066,-0.0051619436550444,1,76,1
-25.9950980392157,-13.1631486473829,-0.0239369187895553,-0.206733208187703,-0.17988105798818,0.0754420682280919,1,2,1
-46.9950980392157,38.3499698237479,-0.0108827059449453,-0.129359258369875,-0.236530583064182,0.159904205923546,0,149,1
-12.9950980392157,-15.5540031782458,-0.00956187714293033,-0.00976165139075869,-0.0539876699005329,0.0030446687457807,1,67,1
69.0049019607843,-32.2999381375954,0.129872155417013,-0.144388450377049,0.315227896785268,-0.0887664757251445,1,137,1
16.0049019607843,-23.0851931265089,-0.173796043559467,-0.193920265719736,-0.0533071466975429,0.0109890655687787,1,44,2
-10.9950980392157,-17.0363661470369,-0.115703016333934,-0.134584155673276,-0.0236114811547143,-0.120491975268833,1,151,1
-28.9950980392157,-10.7974460909358,-0.115075183313378,-0.225218360526677,-0.217953398916256,0.078784634912182,1,4,1
-13.9950980392157,22.1778866508565,0.0417550476748306,0.0185427725744084,0.0765290730726324,-0.128777046776247,0,100,1
10.0049019607843,-22.8744462525651,-0.204513783109234,-0.299566125708198,-0.142693730698478,-0.0745141881934775,1,135,1
-33.9950980392157,29.6129886916729,-0.0933995011885974,0.218025576932416,-0.182380150432172,0.196992703079219,0,110,1
4.00490196078431,-20.380319293118,-0.208239637428043,-0.309965485152641,0.31839355236219,0.0244450982003626,1,64,2
3.00490196078431,-22.012049476266,-0.160118548296382,0.139773319727308,0.0684387565270292,-0.104455495502113,1,116,1
21.0049019607843,7.79727440595855,-0.0873843782573204,-0.190882129642433,0.129750521379848,-0.0147736111408744,0,64,1
-45.9950980392157,-7.97029769330365,-0.176263414648177,-0.133895457052954,-0.032717267451932,-0.0472476092994819,1,129,1
29.0049019607843,-26.5371501972161,-0.22785461776509,-0.266844917452756,-0.0706434441540494,-0.114916450117867,1,40,1
-36.9950980392157,33.3582139168979,0.21289219755734,0.0637673634502703,0.147838233537097,-0.0906806039071655,0,55,2
0.00490196078430927,16.291289849974,-0.0175663738321233,-0.0254415808592157,0.0754462199774051,-0.0165325755380237,0,43,1
-12.9950980392157,20.4297366591526,-0.0282245679194074,-0.0365509511691606,-0.0611911464574433,0.254733455592142,0,93,2
-84.9950980392157,65.5237932893738,0.306909397755738,0.333013783652418,0.619836542125574,-0.0879111598104575,0,20,1
-9.99509803921569,-17.5617904247931,-0.177839213017502,-0.250276926249722,0.00101837558122513,0.0532990372047102,1,42,2
-62.9950980392157,46.1533968549379,0.113007316105836,-0.00979099243564563,-0.198160131808292,0.165258352544602,0,99,1
-30.9950980392157,27.8961465864097,-0.103271637393665,-0.111116870958141,-0.200240874683254,0.125903749906216,0,151,1
34.0049019607843,-25.6417553356309,0.0712536387982736,-0.102215573510247,-0.0774990924703953,0.0559919462043234,1,106,2
-6.99509803921569,-18.2201859115018,-0.0742897607006444,-0.22718106832243,-0.0127539404616028,0.0102366836628512,1,58,2
-9.99509803921569,-15.3770514689698,-0.0238874384766143,-0.106739561391381,-0.346340134896693,-0.0671566134326075,1,7,2
26.0049019607843,-26.9161341153446,-0.181884399327561,-0.244524125608313,-0.0967385215331823,-0.0175426436607286,1,65,1
54.0049019607843,2.13937846803066,-0.0379699221846543,-0.0967131316467337,-0.114683120348678,0.132963390358363,0,75,1
-1.99509803921569,17.4948563959531,-0.125379125827735,-0.0709330935905256,-0.164296077700231,0.165470281387161,0,111,1
55.0049019607843,-1.35108774144815,-0.00669736325831138,-0.0101304026565117,0.0395657125341063,0.0158568389287052,0,145,1
36.0049019607843,-26.4466723252764,0.109980468582937,0.0379638899818674,-0.117167975996721,-0.0050757715478221,1,51,2
4.00490196078431,13.1329886916728,-0.0303523808780923,-0.0906241737321307,0.115316842891677,-0.0874077433092635,0,146,1
-38.9950980392157,34.5966250553088,0.0786897448856007,-0.100215875272836,0.142923017098753,-0.0082252002837827,0,20,2
-1.99509803921569,17.3975801313616,-0.0592407524199823,-0.0649603559765446,0.116309576749017,-0.0078448607992578,0,17,2
-71.9950980392157,53.6891384242928,0.0237250517097036,-0.0499073801629207,-0.238498881188235,0.130887599503815,0,51,1
-12.9950980392157,20.1370537323233,-0.0556183543158164,-0.0631903887483397,0.200369940944085,0.117793380452378,0,21,1
-2.99509803921569,15.5665824416728,0.108129759188144,0.0171700803349554,-0.128386889802894,0.238533900829273,0,78,1
-67.9950980392157,51.3842975921968,0.0817560575314616,0.201604981900984,0.125568134822006,-0.181012705795808,0,7,2
54.0049019607843,-29.2535927779757,-0.0714673557944964,-0.253106263970808,0.19090927689384,0.0460843004477651,1,47,1
-47.9950980392157,-7.36464164008075,-0.0132444313559483,-0.172456380937484,-0.0458158849219037,-0.1132249761221,1,140,1
-48.9950980392157,38.2377505964349,-0.108725679496606,-0.15329342102401,0.142502243538001,-0.0744601504612025,0,96,2
-31.9950980392157,-13.2282447885034,-0.0242874614582574,-0.0683293594966666,-0.0447879703113567,0.0134548535251617,1,109,1
124.004901960784,-13.9714499506249,-0.0858800662680854,-0.0909091167265637,0.0556258983830692,0.0239748596804574,0,95,1
-14.9950980392157,23.7354477080662,-0.00551180607028734,0.145889177578687,-0.267924616202082,0.230573107644481,0,141,2
65.0049019607843,-31.7096039009198,-0.0488623453562064,-0.0866573356904047,0.0835221177496933,0.103256971715591,1,117,1
-29.9950980392157,-11.7098060681525,-0.0437559759695124,-0.226681302584493,0.00959223140645134,0.0201774420222794,1,69,2
17.0049019607843,10.1076263728322,0.100697385744203,0.360296783878126,-0.167314565422297,0.12159866971789,0,140,2
22.0049019607843,-25.2869401339499,-0.113200448465278,-0.244264556402819,-0.124982345343125,0.0122062502220745,1,118,2
45.0049019607843,-29.1860902556956,0.0720427195078897,0.818696066742553,0.0949500597021844,-0.237049277874657,1,61,2
-29.9950980392157,-14.0984523563621,-0.218434833969808,-0.121030862882497,-0.121459788627791,0.0142499702170148,1,113,1
-30.9950980392157,29.3128132530764,0.0717500334385306,0.163986637633259,-0.129650759353386,0.079296604503535,0,45,1
-30.9950980392157,-11.6082393785026,-0.14642482338349,-0.264913548618213,0.0559026198318091,0.0132609566731019,1,20,1
-9.99509803921569,-18.421228175797,-0.213227688286497,-0.248995157503658,0.0500776764342916,-0.0985873478295625,1,136,2
-27.9950980392157,28.3104778691621,0.0774751999397446,0.44294139153365,0.0973852605762434,0.0376546929835068,0,103,1
-8.99509803921569,-19.6230113083272,-0.169649318848964,0.0341945338242754,-0.0613349321580263,-0.0247664906753318,1,81,2
-22.9950980392157,24.4465480137067,0.00691297542142266,-0.0685050244781766,-0.12765334933999,0.143539296761819,0,27,2
