"Fixation.Per.Trial","Duration.of.Fixation","Horizontal.Dispersion","Vertical.Dispersion","Velocity.Horizontal","Velocity.Vertical","Condition"
-20.9950980392157,-15.4678516444617,-0.151096533515563,-0.161073780787957,0.191918702127874,-0.0182721667770112,1
26.0049019607843,-24.7792920100815,-0.123451466407163,-0.0935072387023776,-0.128593025723454,0.0941646909194618,1
-9.99509803921569,-18.421228175797,-0.213227688286497,-0.248995157503658,0.0500776764342916,-0.0985873478295625,1
40.0049019607843,0.79519604953235,-0.00652835390364837,-0.0140222411674477,0.172763958718907,-0.022049989112542,0
63.0049019607843,-5.10303615304765,-0.0442156022154543,0.117707627037888,0.0292458845828745,0.0809834497664721,0
-61.9950980392157,46.9654760013179,0.0927329463158306,0.0935505609484404,-0.050023166102951,-0.0924782854115385,0
-1.99509803921569,-18.8670113083272,-0.00652359028517435,-0.186095462471744,-0.749405155808861,0.0645594136498144,1
41.0049019607843,-28.7903446416604,-0.239351722891593,-0.247665710455136,0.0867399504340717,0.0501557015102053,1
-0.995098039215691,-18.9445306881722,-0.147096899994937,-0.168833777602609,0.103125162154175,-0.0415646785601434,1
-6.99509803921569,-18.0733605146764,-0.0110142672619213,-0.0350392748779996,-0.00484790063014187,-0.0817394877592775,1
69.0049019607843,-32.2999381375954,0.129872155417013,-0.144388450377049,0.315227896785268,-0.0887664757251445,1
-6.99509803921569,-19.0495509908668,-0.0627986865997114,-0.108944967152413,-0.0242016270048231,-0.10354600506055,1
11.0049019607843,-23.8744187157345,-0.20782006644348,-0.174481471373118,-0.0868189242443093,0.140267326584674,1
0.00490196078430927,14.283567842252,-0.0846684786068054,-0.00950529220687468,0.0639394339328497,0.10597163993724,0
-46.9950980392157,38.3499698237479,-0.0108827059449453,-0.129359258369875,-0.236530583064182,0.159904205923546,0
128.004901960784,-15.6551250034176,-0.00878960119171535,0.0224077383546244,-0.0259837555474262,-0.0434524303439394,0
-25.9950980392157,-13.1631486473829,-0.0239369187895553,-0.206733208187703,-0.17988105798818,0.0754420682280919,1
-62.9950980392157,46.5819682835099,-0.0897749662319723,-0.146309862688807,0.125667643220398,-0.0541960281694324,0
-17.9950980392157,-16.5392104784517,0.0209808507225646,-0.0708886794030716,-0.0381247051824694,0.104267482745577,1
57.0049019607843,-0.933467004529646,-0.00669215825621938,0.0192707072748434,0.0887000482951125,-0.0909857888002175,0
37.0049019607843,5.13298869167285,-0.0746492979908934,-0.0677401317562447,-0.0707526193039635,0.106520687503699,0
11.0049019607843,-23.0040483453641,-0.221664566633319,-0.117816144429868,-0.00845904806815567,0.0361933776962339,1
7.00490196078431,10.9450187668609,0.000556763902309632,0.145275561670015,0.188360175378218,-0.17387766959174,0
87.0049019607843,-9.97683789792255,-0.0785400770589514,-0.00881721417036363,0.0751470030022794,0.009666704004434,0
8.00490196078431,-21.5936030686267,-0.248577673815419,-0.277872395350161,-0.0408720586290343,0.0491630386152753,1
12.0049019607843,-22.0367530057442,-0.228793919406729,-0.198492838929849,-0.104641272682037,-0.0622250152417175,1
-1.99509803921569,-19.3533926312844,-0.0524370356424664,-0.195350397552724,-0.0907083244643463,-0.0245220412262279,1
0.00490196078430927,16.8820234407076,0.0152396261708796,0.0535764548390834,0.0232981560694399,-0.0095961150141155,0
-21.9950980392157,-14.7615260762596,-0.112857668924094,-0.151811901557517,-0.144292033983645,-0.0545597259439769,1
-38.9950980392157,31.4829886916728,-0.0952523916970294,-0.135151921726972,0.186992931692701,0.0593886259394885,0
54.0049019607843,2.13937846803066,-0.0379699221846543,-0.0967131316467337,-0.114683120348678,0.132963390358363,0
37.0049019607843,-25.5224167137326,-0.0651345480771454,-0.179885391959781,-0.0723325477687486,-0.0676070299314465,1
10.0049019607843,-22.0937771075836,-0.158758513786455,-0.201215785784423,0.0774829738907508,-0.0023436711404534,1
21.0049019607843,-23.8134398797557,0.0414144274468566,0.137898895846999,-0.0230907449378603,0.037025775137132,1
-67.9950980392157,0.667020105285445,-0.0810500741849244,-0.0964153143335126,0.172606610814888,-0.0516577186720947,1
108.004901960784,-11.0522974118693,-0.129455767121701,-0.204091604756404,0.0623803526267399,0.0924181634971812,0
16.0049019607843,-25.9688294901454,0.0733460738803576,0.370038067837358,-0.0160602058636063,-0.0406296734865281,1
-28.9950980392157,-11.775706960501,-0.0842642398391883,-0.17325905259276,0.137455733347946,-0.0396965418157149,1
-18.9950980392157,-16.4586779749938,-0.238652362708883,-0.114609757526696,0.10195644342412,-0.0333908025725383,1
-27.9950980392157,27.5355860942702,-0.0876811191132134,-0.0409999937716506,0.157069326356902,0.0384179566518459,0
-40.9950980392157,34.6100529118558,0.121404752572386,0.0974573897680423,0.0690745878886795,-0.134712311421152,0
-12.9950980392157,20.5191675534614,0.0638349826904157,0.0630702338891713,0.176270889048502,0.0262570053994011,0
-12.9950980392157,20.4297366591526,-0.0282245679194074,-0.0365509511691606,-0.0611911464574433,0.254733455592142,0
-15.9950980392157,-14.3731841478333,-0.175011483084746,-0.224367149608946,-0.0274796190866847,0.11996734125161,1
-38.9950980392157,33.2148068734908,0.116318283379378,0.385772411384001,0.157595864124686,-0.0060195639909124,0
-41.9950980392157,35.0085647285388,-0.102801491108337,-0.149537035812538,0.182418013545644,-0.0016636974661269,0
-27.9950980392157,26.1762787349628,-0.0928860025592413,-0.0568964465363117,0.04109130322562,0.0019911437168091,0
-8.99509803921569,21.5249886916728,0.111236000260964,0.172693415299545,0.126535824422948,0.000993423280784,0
-24.9950980392157,-13.136242077558,-0.0717643111427834,-0.255405259672945,-0.111565389221002,-0.0728507368942525,1
26.0049019607843,-24.4810463960465,-0.0700938096790373,-0.21318116414427,0.0495957646438794,-0.03304446696199,1
97.0049019607843,-34.2911686116979,-0.1126314721773,-0.239935650391294,0.137785415351697,0.0103515016338496,1
-10.9950980392157,22.8870209497373,0.123305802227109,0.0804920665769153,0.157194938944175,-0.0436665645733765,0
18.0049019607843,-26.7370474094102,-0.316712501123299,-0.179066623353472,-0.00940125519089837,0.0593142219212902,1
-44.9950980392157,-8.92308607468225,-0.207439418143622,-0.220817387116943,-0.0127919347963642,-0.0102283886468579,1
-2.99509803921569,19.2423636916728,-0.0421052830760894,-0.164780827596762,0.172375525252929,-0.0433763513916513,0
-30.9950980392157,29.2382518495675,-0.0430056453733313,0.147467278949982,-0.209349258893944,0.197101935392009,0
-44.9950980392157,-7.35766551393465,0.21811734969074,0.166696273018564,-0.0974355908236753,-0.0463442905762743,1
12.0049019607843,-21.2138747769619,-0.0392691154029574,-0.0375714815590726,-0.0711735859115594,-0.0705475669828255,1
29.0049019607843,3.49757202500615,-0.17200975036091,-0.0851321728272006,0.099386245438945,-0.0139242039620083,0
-16.9950980392157,24.9553027412596,0.164377957076836,0.0783014711464733,0.0610379913393545,-0.103441445911301,0
5.00490196078431,-19.4465567628727,-0.165272452385353,-0.171785463390833,0.0680888334545283,0.0377591388754391,1
-48.9950980392157,35.7663220250058,-0.00831154718690341,0.405234109890526,0.124349398019667,-0.0511597329893216,0
-15.9950980392157,23.7461574159527,-0.0714681470420864,-0.11954877960702,0.12881130182474,-0.0179796403664532,0
56.0049019607843,-4.40669384800965,-0.15981958833485,-0.0140138189010397,-0.122512995601189,0.150929508743925,0
17.0049019607843,10.1076263728322,0.100697385744203,0.360296783878126,-0.167314565422297,0.12159866971789,0
-10.9950980392157,19.5644403045761,0.148562556347243,0.0895440259114474,-0.0139428565233612,0.145442294483066,0
16.0049019607843,11.3511705098547,-0.0669364996131463,0.10415486906526,0.0772258796809155,-0.0653232102436575,0
44.0049019607843,-27.9561202192182,-0.124189513838083,-0.223929870446733,0.0204128776302982,0.0642161276195688,1
15.0049019607843,-21.9947485346045,-0.0757582284940694,-0.248456225388671,-0.341861655483733,0.131095238114264,1
-11.9950980392157,-17.2394809439547,-0.0424120181344044,-0.221577293089578,-0.0720792430308101,-0.0176043658320761,1
11.0049019607843,-23.2892335305494,-0.161301502876917,-0.244287439454387,-0.0901449260162883,-0.0281257571161271,1
0.00490196078430927,-19.2222236635396,-0.210377354030635,-0.253590305867218,0.00741644458749349,-0.0398331869553951,1
8.00490196078431,-23.4362996978402,-0.229764045966507,-0.255731053844206,0.0143317454403064,-0.170312660796859,1
-104.995098039216,79.5940276527119,0.836781658090153,0.741936014766443,0.322531190048719,-0.262497929138577,0
-8.99509803921569,-19.6230113083272,-0.169649318848964,0.0341945338242754,-0.0613349321580263,-0.0247664906753318,1
-30.9950980392157,29.5496553583395,0.0621387103323836,0.0998506967753353,-0.199039054864201,0.175542433477583,0
-17.9950980392157,24.5811214717558,-0.0204765678124994,-0.0815391055491657,0.0976478002334356,-0.0229869668368223,0
-1.99509803921569,17.3975801313616,-0.0592407524199823,-0.0649603559765446,0.116309576749017,-0.0078448607992578,0
-18.9950980392157,-13.5045113083272,0.188154465986904,-0.260081172419913,-0.0921092019194383,-0.00547129441034819,1
-47.9950980392157,38.3557375068388,-0.0719813799036134,-0.0628236202769937,-0.0907436614871483,0.168166411236726,0
-27.9950980392157,-11.2090026503185,0.177619062347726,-0.216822369781114,-0.47168488585585,0.0528579919498867,1
2.00490196078431,-19.7214174385954,-0.160083920549306,-0.193054699246759,0.026064898119035,-0.0193412722331499,1
-13.9950980392157,-17.2139500838374,-0.131350110900421,-0.171616249628311,0.369908382500309,0.125182536616567,1
12.0049019607843,-21.5570482086962,-0.246015584653532,-0.333012987746848,0.162538588257394,-0.0334593848474635,1
-48.9950980392157,38.3425125011969,1.45664450001274,1.1483448789896,0.116833751607939,-0.0070477682210527,0
-12.9950980392157,-16.7572552107662,-0.211627293699838,-0.236763667013537,-0.00482985128214037,-0.0579406141449518,1
35.0049019607843,-26.3398004239735,-0.261414699232067,-0.226642575848439,-0.0574382468428468,-0.0587493603707749,1
22.0049019607843,10.5280064852672,0.144226591330261,0.502416033153903,-0.108290523195702,0.0540068631467483,0
21.0049019607843,12.0651315488158,-0.0372183392950534,-0.0519163498288996,0.0714514883124413,0.0031632073830092,0
-36.9950980392157,-10.1868311281469,0.0545313462503847,-0.231653437644517,-0.0199385165309888,-0.0153559728861303,1
52.0049019607843,-29.6194228838898,0.182890773194432,0.551449644092163,-0.252555423624765,-0.0575319868485461,1
41.0049019607843,-28.2336779749939,-0.146801578680802,-0.2417475210938,0.0660716238025186,0.0376663811379701,1
-19.9950980392157,-15.2561326472392,-0.00918285218549741,-0.00956338956428471,-0.109959196801326,-0.0204061762230306,1
35.0049019607843,6.38128801140076,-0.0287350706456403,0.0083187797627553,0.0611201014187448,-0.173182372572276,0
-22.9950980392157,26.0228192001475,0.117185126842872,0.142239580036068,-0.0728346149160596,0.153106235474763,0
-35.9950980392157,-11.0418992007039,-0.182250780027594,-0.360809544091125,0.0640100761866398,0.0401966526605248,1
10.0049019607843,-21.2796507135317,-0.133123618627738,-0.269043140022906,0.0361303702932166,0.0259547119287592,1
-49.9950980392157,-4.17801609301615,0.913542393919073,0.0829393892982313,-0.13285344243257,-0.120513075624991,1
-11.9950980392157,-17.1099262880843,-0.269086647655186,-0.297206927092278,0.0243191966387262,-0.0692689754518035,1
-8.99509803921569,19.7049886916729,-0.00496616478730738,0.155571184267451,0.121851701384827,-0.0982050004930105,0
-2.99509803921569,-20.5271675583272,-0.228853553726857,-0.190121416671449,0.17386384098869,-0.129570141085411,1
-21.9950980392157,-13.1328340931372,-0.0231659707602714,-0.245224985300647,0.0765072920820173,-0.110612254262362,1
139.004901960784,-16.5554535193825,-0.114100409790305,-0.0854044642637167,-0.0103604786088921,0.0594693950889806,0
27.0049019607843,7.08753414621835,0.0054117658156756,0.251734685209704,-0.0209465561375552,0.0844358935051728,0
44.0049019607843,-27.744899097106,-0.14215404230839,-0.217492329669679,0.0377826647039357,0.116189133317997,1
18.0049019607843,6.37486594799054,-0.120040387917013,0.122427122968525,0.184496077833556,-0.0241504936553849,0
21.0049019607843,6.47941726310145,0.0739128618814886,0.468811400733393,-0.0126079789698491,-0.0108573183058646,0
33.0049019607843,-25.1923537740806,-0.0885924639927984,-0.0679578601666126,-0.12979327768244,-0.0637036793049475,1
-16.9950980392157,22.513153980929,0.0592643442407287,0.126419511420918,0.181389534070348,-0.144269380282283,0
-43.9950980392157,-8.02515084321085,-0.20364948478158,-0.0110247734584457,-0.128658177561197,-0.0186051063836325,1
23.0049019607843,-22.3989262019441,-0.165709130259552,-0.284573248445612,0.0454490936850654,-0.00527608921823629,1
45.0049019607843,-27.255169203064,-0.0603981980945124,-0.198469115017017,-0.0710625939626254,-0.0187438300733707,1
-59.9950980392157,-1.14841834350305,-0.0622825129383703,-0.205804544375237,-0.0730799691681311,-0.0511253075020438,1
24.0049019607843,-23.7080007076204,-0.207181207519098,-0.280376828027416,-0.0339366920435886,-0.0295226813774506,1
4.00490196078431,-21.3308896353234,-0.0201656339610383,-0.0473629117802077,-0.16445468778044,-0.0455061405317587,1
50.0049019607843,-1.91555499764755,0.00624986496877467,0.635838213685073,-0.00325108470685747,-0.0852820440482025,0
106.004901960784,-10.2697510343545,0.418849769113345,0.634624920203733,0.07801214939056,0.0100360360182546,0
30.0049019607843,-25.7735857027909,-0.263568737395831,-0.229488305757955,0.0813100461668474,0.0365366707367609,1
-5.99509803921569,18.9393128023447,-0.0719874124105964,-0.114670946679817,0.11505181741442,-0.0322471834306768,0
-17.9950980392157,-13.8213681548001,-0.0556554348157703,-0.205410926599741,0.17321395542515,-0.0545215421675882,1
90.0049019607843,-11.2882147467226,-0.0179523762607574,0.146299998347331,0.0464638447761547,0.0908301958919682,0
-23.9950980392157,-15.7904155636462,-0.219602756941206,-0.201573363647178,-0.169160211486058,-0.213757460985393,1
30.0049019607843,6.79388834565205,-0.0429092434323304,0.0895962914042744,-0.169428304697136,0.262523652604,0
-31.9950980392157,-13.2282447885034,-0.0242874614582574,-0.0683293594966666,-0.0447879703113567,0.0134548535251617,1
-19.9950980392157,22.5095577293298,0.00716169293820368,0.0330382906444063,0.169652163156011,-0.0983381044727345,0
25.0049019607843,3.73510136772914,0.0427108687767467,0.963715794630163,0.0961384181804285,-0.181417438974446,0
-43.9950980392157,36.2120584591148,0.00103012866551766,0.186319917586045,-0.22310755066835,0.155396382135415,0
-51.9950980392157,40.3262254066488,0.107204161089569,0.280153384609406,0.191418121730716,-0.000663639161320999,0
36.0049019607843,-26.7076892744289,-0.148907315383595,-0.257061278109683,-0.14302888157819,-0.0724120356610205,1
111.004901960784,-16.1102545515703,-0.127279649569618,0.311120825455371,0.116984883632632,-0.0952781787694475,0
-4.99509803921569,16.7589729436414,0.291552728904386,0.442330553100387,-0.105486415310664,0.147841972909073,0
14.0049019607843,11.1696187283029,-0.0203670108681133,-0.0266303958758296,0.101167706269939,0.117493444325027,0
-1.99509803921569,-17.6919140320625,0.129658157372405,-0.11051527425509,0.173226013201806,0.0058682476537888,1
2.00490196078431,-19.748237361967,-0.193086706660906,-0.331305473105648,0.105563107018216,0.0193411264369042,1
33.0049019607843,-26.1341345959983,-0.15411447873547,-0.279038532659905,0.127479543872514,-0.0218219871803645,1
-1.99509803921569,-21.9798517752533,-0.0039481879050004,1.09154779796678,-0.198968292512907,-0.251862354802839,1
9.00490196078431,-21.2886530993719,-0.150517768598377,-0.166619448417758,0.0314986997585494,-0.135275773616836,1
7.00490196078431,-22.4271616842669,-0.139596404460778,-0.128502693384792,-0.0272351585021828,0.0312714155772858,1
36.0049019607843,4.71264970862195,0.657532123045813,0.762297371326413,-0.110307067103612,-0.0432111355907932,0
47.0049019607843,-27.863743334471,-0.186553416997287,-0.27503692291642,0.0577218948054679,-0.0201585592251828,1
-25.9950980392157,-12.5837495057521,-0.204744006157907,-0.243954696357165,0.0159052494080531,-0.0398934598870735,1
-18.9950980392157,25.2579886916728,0.0835074734174777,-0.0253782374628017,-0.00620849694605097,0.0569344940463353,0
-84.9950980392157,65.5237932893738,0.306909397755738,0.333013783652418,0.619836542125574,-0.0879111598104575,0
59.0049019607843,-30.6846213712203,-0.139081647016018,-0.191328871227333,-0.027216461395985,0.0311729625604197,1
9.00490196078431,13.2411976468968,0.0239310974347476,-0.0178279568235447,-0.0858583470925993,0.116251006113207,0
28.0049019607843,-24.9750252456094,-0.0557239821743153,-0.180000293544392,-0.258117628045047,0.214570046412648,1
-30.9950980392157,-11.5468358697306,-0.136495321894724,-0.162983859268588,-0.00773379466598457,0.0405651793541435,1
-56.9950980392157,44.6725926520688,-0.0172820909633313,-0.135953738485169,-0.302728987928603,0.158673411024124,0
-30.9950980392157,28.5584272881641,0.38982297731795,0.170849820314579,0.176381476568908,-0.0790764793421835,0
0.00490196078430927,-19.8477062890221,-0.225637493048135,-0.305606918004633,0.0379599504062515,0.0128472573283038,1
25.0049019607843,-26.13461694213,-0.243839925735412,-0.289270505008184,-0.00262294576660267,-0.0092848051830761,1
93.0049019607843,-8.45792039923625,0.208858311178644,0.266544331757386,0.2426869605382,0.0565567322144726,0
35.0049019607843,2.95951930391774,-0.0605356880702114,-0.0626941417584256,0.0417163282564273,0.113357199719038,0
-30.9950980392157,27.8961465864097,-0.103271637393665,-0.111116870958141,-0.200240874683254,0.125903749906216,0
-49.9950980392157,39.9846633328208,0.138525755538306,0.0977070912274334,0.0116010737703634,0.0296267763639045,0
21.0049019607843,-23.9384398797557,0.106028324953774,0.122160659186294,-0.212789206501599,-0.0068208277521455,1
-8.99509803921569,17.4449886916728,0.0267667423686436,-0.0176678203168776,-0.131523941500258,0.15744212811629,0
-35.9950980392157,-10.7683565998069,-0.173595467255428,-0.226114876958707,0.145763591143392,0.0346114529956973,1
-17.9950980392157,22.9338185671916,-0.0339740765545374,0.0415959731177673,0.152651190434529,0.0353695578408453,0
19.0049019607843,-23.8058602291905,-0.252102705278481,-0.251628687689435,0.165459465741094,-0.0254892190495988,1
-13.9950980392157,22.1778866508565,0.0417550476748306,0.0185427725744084,0.0765290730726324,-0.128777046776247,0
-23.9950980392157,22.6819248618856,0.128727892356283,1.06243337660561,0.0204523195872901,-0.253953654577003,0
-5.99509803921569,20.8325934347559,0.170943931772745,0.120465605720574,-0.13174456866394,0.0252698110577758,0
81.0049019607843,-5.94054072009185,-0.159744209267374,-0.114080675377457,-0.0604608383071283,0.20565607765207,0
18.0049019607843,-22.6576250267386,-0.0538339828271224,-0.127976816375916,0.0884888057608597,0.0801364252505009,1
42.0049019607843,2.76421792755325,-0.118105950094835,-0.14328124998476,-0.230526766329006,0.105615501889476,0
-1.99509803921569,17.6271521157973,-0.0953319178229944,0.113820268443019,0.0951701633405328,-0.0059298924402414,0
18.0049019607843,6.94526305990385,-0.175458013620856,-0.190929655584258,0.121861726000214,-0.0771813981434205,0
-18.9950980392157,-16.2961779749939,-0.179571059051286,-0.165621203825504,0.0480879819882088,-0.0669252933444275,1
-30.9950980392157,29.4619360600939,-0.105198942016963,-0.163161337077519,-0.198972409493847,0.173651026851259,0
-6.99509803921569,-16.4225668638827,-0.0837021172271484,-0.166850919841615,0.00338056011344363,0.0287905869092878,1
124.004901960784,-13.9714499506249,-0.0858800662680854,-0.0909091167265637,0.0556258983830692,0.0239748596804574,0
7.00490196078431,13.4826127518233,1.02631386780131,1.12120380972439,0.180158309835546,-0.022726441740022,0
39.0049019607843,3.95849204737755,-0.179270715096393,-0.0833421580167826,-0.0510437038976059,0.0295751992006423,0
18.0049019607843,-24.8886719581467,0.00251931795452065,0.0952126761590724,-0.0120991787688591,0.06545266676175,1
-6.99509803921569,-20.7439954353112,0.0005975029791776,-0.124953917919728,-0.00252567273133987,0.0053101718586437,1
-23.9950980392157,27.0180950746516,-0.0357922018632104,-0.0970743650458187,-0.245326707963049,0.232828021140069,0
-12.9950980392157,-16.1678243164572,1.06302716076784,-0.140972659208564,-0.561271997621311,0.0236504607675857,1
7.00490196078431,12.5126879397932,0.0826035843023727,0.181679873479613,0.0810768659185193,-0.155121443485449,0
-9.99509803921569,-16.7465293806164,0.428069660217799,0.171319217678804,0.108124752157595,0.00369959231450021,1
4.00490196078431,-20.0761367836123,-0.195917254796752,-0.324453131969028,0.172753085056146,0.0138061573944102,1
-27.9950980392157,27.9554995141836,-0.164758439089702,0.0177822846426683,0.0810354352020772,0.119472317875845,0
-3.99509803921569,13.8898514367709,0.16407228044784,0.466049858811243,0.0579957898899869,-0.0123717145853747,0
21.0049019607843,-24.0277255940414,-0.19219652370002,-0.205956662232438,0.0113445559759302,-0.0141887685095365,1
-9.99509803921569,19.8679284507089,-0.0509254258906723,0.0562606205744364,-0.139420082749733,0.190903630601277,0
-16.9950980392157,20.1619143115075,0.443187551949427,0.440890539615614,0.0756275509982174,0.0128583350620417,0
-30.9950980392157,-10.0643797293798,-0.204034960515497,-0.248576950256927,-0.000717854769048168,-0.0456888011609277,1
34.0049019607843,-28.1468747895559,0.0610707536912787,-0.231259480438663,-0.439340085955652,0.0177702839790947,1
8.00490196078431,-20.3351761023346,-0.16134362074078,-0.25027019140185,-0.0830480264448204,0.0710134371434454,1
7.00490196078431,13.6329886916728,-0.113029177212315,-0.193241141523735,0.13724168132256,-0.0357560444057727,0
52.0049019607843,-29.8509341379091,-0.180657603589401,-0.0669550114482896,-0.0487197747287704,0.0526890385539821,1
-27.9950980392157,28.1113436700278,-0.0426179713967734,-0.0942926295517267,0.136365527535632,-0.0612325301440265,0
12.0049019607843,-25.1659042972571,-0.179991918363979,0.123152450252216,0.0621434056396933,-0.100339614532229,1
-8.99509803921569,-16.6270113083271,-0.238798001608058,-0.234020635069376,0.145528499175894,-0.028973913149036,1
21.0049019607843,-23.6777255940414,-0.133082998383078,-0.257342927490838,0.171914356207165,0.0575472931122482,1
96.0049019607843,-11.4303915900173,0.111718341585648,0.0797476558590844,0.113723998857276,0.023776970853524,0
-21.9950980392157,-14.2509775530528,0.0264229703370127,-0.147271453773748,-0.0871257143477323,-0.0195256372985635,1
-6.99509803921569,-18.2836779749939,-0.0104719044820434,-0.158253596149603,-0.120580064791342,-0.0390060094317169,1
-45.9950980392157,35.0625661564619,0.259509705175352,0.350208991006638,0.126105096643339,-0.116608877401345,0
62.0049019607843,-1.36545367592835,-0.0877649563713134,-0.0718991581654407,-0.0796682140855013,0.152570442984775,0
17.0049019607843,-24.8706344967329,-0.189943261698606,-0.182871538274876,-0.199311455542512,0.210878105784308,1
9.00490196078431,13.5061230200311,-0.152728327631319,-0.175654842765497,0.125950101930384,-0.0159942646275584,0
-10.9950980392157,20.2942790142534,-0.104822873935227,-0.0644878923291917,0.118159398763695,-0.0105687164651265,0
-15.9950980392157,-14.150961925611,-0.0359952679386323,-0.00639437625374562,-0.273997750081087,-0.0674570109982425,1
-22.9950980392157,24.4465480137067,0.00691297542142266,-0.0685050244781766,-0.12765334933999,0.143539296761819,0
29.0049019607843,7.32048869167285,0.00537817704449761,0.0409709198693894,0.087845557655039,0.0440229816787926,0
24.0049019607843,-24.9023469973731,-0.243372527279017,-0.146347952398463,0.0249286842620479,0.117652296744796,1
-30.9950980392157,29.3128132530764,0.0717500334385306,0.163986637633259,-0.129650759353386,0.079296604503535,0
26.0049019607843,8.23123430570794,-0.0497696907055193,-0.121290432521564,-0.198677958130298,0.0904113999135128,0
-44.9950980392157,-7.80626364477575,-0.150228363875905,-0.218845774755128,0.0473589839699262,0.0268387502153352,1
-18.9950980392157,25.3371553583395,0.0914995524136897,0.168589077748638,0.0470310194617326,-0.126833615395736,0
-34.9950980392157,-8.91611845118425,0.166418857668725,-0.0806217644327177,-0.292688173270389,0.0392733155023903,1
77.0049019607843,-33.7836779749939,-0.153122066981465,-0.218709811546091,0.0299922453362268,-0.0239457884259547,1
-7.99509803921569,19.4278094088044,0.172398636221069,0.119997484309085,0.102482835861568,-0.0300797009985382,0
-66.9950980392157,50.1590303583398,0.590071008867293,0.469553995859323,-0.000830284407254368,-0.0932962467555815,0
16.0049019607843,11.1875341462183,-0.128957259281718,-0.0522337512340776,0.182765804621473,-0.02469018387936,0
-26.9950980392157,-11.2678733772927,-0.209446004323244,-0.258959611245075,-0.115897967731238,-0.0387144077865417,1
-23.9950980392157,26.3032014576303,-0.0690768912037834,-0.157213665470361,0.159936638269588,0.0234048906406655,0
27.0049019607843,7.24837330705745,0.184755699138995,0.364125629445622,0.0800230402985783,0.0299790882188433,0
4.00490196078431,-20.380319293118,-0.208239637428043,-0.309965485152641,0.31839355236219,0.0244450982003626,1
-30.9950980392157,-11.6082393785026,-0.14642482338349,-0.264913548618213,0.0559026198318091,0.0132609566731019,1
7.00490196078431,-20.9760338647181,-0.217309675331104,-0.222924270727012,0.0695032324770598,-0.0481841863738066,1
-5.99509803921569,-18.1436911502243,-0.0353314418157933,-0.0251600758777537,-0.0578476125082125,-0.0342663859780276,1
-7.99509803921569,-17.4686049338251,-0.0854294949473763,-0.228219680009257,-0.0763982008958153,-0.03260630464748,1
-65.9950980392157,48.1588954274238,0.0282572174692116,-0.0856958475578997,0.140620472076478,-0.0669583230844915,0
-24.9950980392157,-12.4439343852503,0.0036460039520716,-0.103063378268256,0.00415255330680573,-0.0241966507555484,1
-18.9950980392157,-15.7128446416605,-0.00711268716668534,-0.106102596191058,0.0993935709218077,0.0273693684852514,1
-14.9950980392157,21.0797100031483,0.586660809645433,0.371970970349937,0.190385726660412,-0.0025378245294128,0
-7.99509803921569,18.6549010422705,0.915584975656663,0.668997218597903,0.152190885828586,-0.126023096788545,0
1.00490196078431,15.809911768596,0.536968039020893,0.627896334954633,0.0775865744549894,-0.127602630096072,0
11.0049019607843,11.8626183213024,0.0909463921879207,0.0103007728450284,0.108389147592393,0.0420630661820911,0
-22.9950980392157,-12.9136214778187,-0.00474133125743237,-0.0190657306918387,-0.403527486276003,-0.149381221044616,1
14.0049019607843,-22.2552896966056,-0.289401765372365,-0.271031924879101,0.0682018834172443,-0.108132347660828,1
-62.9950980392157,42.9033968549379,1.61441991292763,1.22276912721309,0.181831244642319,0.0568465455378697,0
11.0049019607843,10.6403960990802,0.559726539286093,0.837328875226203,0.195659601582498,-0.188059419724952,0
-24.9950980392157,-13.738806180122,-0.175760009779205,-0.249782512910456,0.0497723332131224,0.097404218004919,1
32.0049019607843,6.60721549579655,-0.0666928555704854,-0.0185636306631587,0.098832249055011,0.0073690902877393,0
-2.99509803921569,15.5665824416728,0.108129759188144,0.0171700803349554,-0.128386889802894,0.238533900829273,0
-47.9950980392157,-7.36464164008075,-0.0132444313559483,-0.172456380937484,-0.0458158849219037,-0.1132249761221,1
-4.99509803921569,19.2944060145075,0.122768631213332,0.623981495863033,0.0347579351480243,0.132152914585559,0
40.0049019607843,-27.6897537832436,-0.203636736118046,-0.25151004091459,0.0399606895078636,-0.0141729075466527,1
32.0049019607843,5.02989590816765,-0.203145721366048,-0.123082179172272,-0.115496922563306,0.11999509867679,0
13.0049019607843,7.52637104461405,-0.21735716285916,-0.173536443838469,0.152630655761747,-0.0185788609122219,0
-12.9950980392157,20.1370537323233,-0.0556183543158164,-0.0631903887483397,0.200369940944085,0.117793380452378,0
21.0049019607843,7.79727440595855,-0.0873843782573204,-0.190882129642433,0.129750521379848,-0.0147736111408744,0
-7.99509803921569,-17.7594415872116,-0.164754421266443,-0.118792336348981,0.0664669764016079,-0.0593923058667086,1
99.0049019607843,-8.24969287257295,0.0635381620219116,0.104813876053384,0.0546926735792586,-0.0535309110268347,0
25.0049019607843,-23.7085606041017,-0.162048063973167,-0.202091788025859,-0.0306612682493377,0.0974902243059921,1
2.00490196078431,-20.9551339136911,-0.166218994502844,-0.212757584442943,-0.0349509611593543,-0.0315831284120897,1
56.0049019607843,-1.37494781626366,-0.0566107107542154,0.244098041175896,0.030254517555783,-0.103109067416413,0
-36.9950980392157,26.6870427457269,0.0721381216995947,0.855626954134423,0.117139086460956,-0.173164409525504,0
-40.9950980392157,-7.79361681291435,-0.0107676724501163,-0.234798023285536,0.0309150627867182,-0.0575453101741,1
-14.9950980392157,-15.7645522919338,-0.182947787643805,-0.232925286447973,-0.153192114537521,-0.056607093405231,1
-36.9950980392157,34.3447004033848,0.182215838634149,0.191883596464341,0.0577613810935595,-0.246329295871096,0
-18.9950980392157,24.0121553583396,-0.0263964683836964,-0.0251748779762256,0.0140637303624636,0.011947657325461,0
-6.99509803921569,19.1448934535777,-0.0460231980288733,-0.0473369043492187,-0.00176920450163877,0.0714767236809783,0
38.0049019607843,4.75251731120144,-0.0820346870798894,0.492008593278153,0.148801119847746,-0.0023819173623961,0
-25.9950980392157,-14.5665821237777,-0.223051815881188,-0.20243708538817,0.0480590438606519,-0.15164969689359,1
-22.9950980392157,26.9550225899779,0.0736524912417036,-0.0208248263017786,0.23950818794641,-0.269149673048146,0
-3.99509803921569,16.125145554418,-0.166098123841767,-0.141863555805207,-0.0365696685706799,0.0882589974459664,0
-1.99509803921569,15.9890198200775,-0.120859567863121,-0.200522889735803,-0.105783752842102,0.181435029084498,0
-2.99509803921569,-19.4646675583272,-0.140826759645888,-0.271359570276045,0.216548677424875,-0.0853337085146765,1
62.0049019607843,-29.5741764173614,-0.0929223778411624,-0.169560864030229,0.025515939386536,0.0101787048109962,1
-0.995098039215691,-19.4406547191799,-0.190576188210613,-0.153836270934275,0.142809322772856,0.041030262335514,1
-19.9950980392157,-14.4778899694151,-0.141665705569515,-0.185565510855306,0.180872368362684,0.0094980824136546,1
-17.9950980392157,21.7097521771501,0.914852080583933,0.740025194676873,-0.0282914494392679,0.0380609237416275,0
10.0049019607843,9.32629724185875,-0.0255953675487613,0.180782882570352,-0.182230797206471,0.096471685044747,0
-30.9950980392157,30.8917606214975,0.167666459474477,0.0715667278758854,0.150844182384444,0.0779020088198318,0
-76.9950980392157,3.35276891145305,-0.172815019963867,-0.185018009703445,-0.00236471144135637,-0.0332969627921448,1
-21.9950980392157,25.5886848942044,-0.0138501124639714,-0.0269246886051666,0.202713307111836,0.07857224832061,0
-4.99509803921569,-16.851263276831,0.0909190823931546,-0.183469548463927,0.310494383564677,0.0135023406792829,1
-96.9950980392157,75.1268158521668,0.278865184530844,0.227104904983866,0.153902178785563,-0.276798381093238,0
-62.9950980392157,46.5819682835099,-0.135919010348343,0.449900030416782,0.190494962938732,0.0780522166262065,0
-48.9950980392157,38.4996553583399,-0.106850223975535,-0.0970459228342797,-0.127366152910393,0.114731058789618,0
19.0049019607843,-23.1871551932192,-0.0437249639492064,-0.203790705127581,0.210909381392649,-0.0045142460493312,1
-10.9950980392157,20.5926661110277,0.217148502013303,0.384820640009395,0.030448556849005,-0.0623379375717895,0
-1.99509803921569,16.3742338278597,1.02878528663992,0.998414265981653,0.166558561489933,-0.125276056490182,0
-24.9950980392157,26.735552794237,0.607536057906743,0.268104896620368,0.0293586543189698,0.117617720700859,0
0.00490196078430927,-19.6932661345819,-0.130145166652396,-0.271097239988655,-0.0625881807754173,-0.102670071795109,1
-14.9950980392157,21.3010214785581,-0.139233499668356,-0.191329237160352,0.141786895064532,0.0600039571418038,0
42.0049019607843,4.11969965512804,0.0105552808598697,0.0774591774978773,-0.147535268919515,0.087345949295425,0
-51.9950980392157,40.7223606723489,2.57622657698182,1.76833757257328,0.240069034543513,-0.0107797821539801,0
-27.9950980392157,25.206581765266,0.23692050853656,1.62849086057895,0.0662594334175455,-0.286318116121349,0
8.00490196078431,14.6161347590886,-0.189254435540321,-0.0483165352650397,-0.0909623699459773,0.165566960136996,0
-66.9950980392157,51.7475720250059,0.195440443592373,0.102510138960809,0.0458350035731738,0.0747176269298788,0
38.0049019607843,4.37204593073005,-0.129268485629056,-0.0264242372554216,0.103442321956939,0.0204059367837457,0
-65.9950980392157,48.9153721113618,0.0857775490611017,0.0211051027080743,0.243302377995777,-0.205118122661622,0
31.0049019607843,-27.408390618672,-0.1580548366911,-0.212535668939406,-0.154990388953247,-0.020940224261365,1
-66.9950980392157,49.9715303583398,0.0473211790799617,0.0863219210748803,-0.177458795120062,0.231472495088899,0
-0.995098039215691,-19.2778640215055,-0.239699748044937,-0.297346715254424,-0.0337046360059918,0.0409139307472894,1
-36.9950980392157,33.3582139168979,0.21289219755734,0.0637673634502703,0.147838233537097,-0.0906806039071655,0
-58.9950980392157,43.9879886916729,-0.0842725571736654,0.0424049107055123,-0.222946093132243,0.236844167017998,0
-62.9950980392157,46.1533968549379,0.113007316105836,-0.00979099243564563,-0.198160131808292,0.165258352544602,0
3.00490196078431,-18.9051792472585,-0.112689717413482,-0.178009127129071,-0.0414329414634582,0.0395240341188936,1
14.0049019607843,-23.1453995867154,-0.174427704439864,-0.305725346867249,-0.054588849225347,0.0302008286090135,1
-8.99509803921569,-17.0190113083272,-0.0812991396542284,-0.219486355935224,0.109800068148309,-0.0040433275721043,1
-2.99509803921569,-18.0349800583272,-0.100313643232361,-0.279474934319292,-0.221243762106699,0.0239544834612097,1
119.004901960784,-12.5601330014488,0.136433066031323,0.305400686031675,0.0774288996017665,0.124672187525184,0
-59.9950980392157,46.0676620585069,0.222631646798869,0.187786143760703,-0.430495589118609,0.320081993238191,0
-9.99509803921569,-17.5617904247931,-0.177839213017502,-0.250276926249722,0.00101837558122513,0.0532990372047102,1
-10.9950980392157,-15.9758822760691,-0.000497095267017356,0.0230862266985443,-0.0827524335582795,0.0197000436670377,1
37.0049019607843,4.25123193491605,0.00923882693268063,-0.0324940942774726,0.0419611065156419,-0.0078132710782573,0
-11.9950980392157,22.4366324163692,0.201603919426844,0.232185548849081,0.122395421855555,-0.225838905885718,0
-13.9950980392157,20.9778866508565,-0.00373702865698133,-0.0395223965872257,0.17439103148263,0.0312427655992228,0
38.0049019607843,1.45958801827214,-0.189956602704784,-0.0273595144683196,-0.0765797807920228,0.0802165487329104,0
10.0049019607843,12.9805723347956,0.000244104332441597,-0.120214108394361,0.162888378186826,-0.0227930891579157,0
-50.9950980392157,40.4166425378268,-0.0375684017927543,0.0719979112532464,-0.142018400870903,0.120612783275085,0
-1.99509803921569,-19.7775171449031,-0.129315921783416,-0.278505027662701,-0.0213795312226353,0.0096659343305665,1
-26.9950980392157,-14.2894251014306,-0.0965735816824583,-0.244585064506212,0.111051625811802,-0.003602430214937,1
7.00490196078431,-20.1677631880263,-0.172952608343038,-0.161900650380772,0.161231654128105,-0.0554073799962515,1
43.0049019607843,-26.929925215612,0.45413547861775,0.886775280982933,-0.51062611729552,-0.141550274819743,1
11.0049019607843,-21.9447890861049,-0.195401708554108,-0.304273339646832,-0.140246112546228,-0.0024409863352691,1
4.00490196078431,-20.5438173919773,-0.206407083718159,-0.227985549376433,-0.146694947897282,-0.0626513515868895,1
-67.9950980392157,51.3842975921968,0.0817560575314616,0.201604981900984,0.125568134822006,-0.181012705795808,0
-33.9950980392157,31.7063220250058,0.143981168410237,0.0704243129062584,-0.0440828479450419,-0.0965657667291805,0
45.0049019607843,-29.1860902556956,0.0720427195078897,0.818696066742553,0.0949500597021844,-0.237049277874657,1
0.00490196078430927,-22.2415286828446,0.00262395966773965,0.856429834870113,0.00846132592602846,-0.137256856259809,1
29.0049019607843,5.25798869167285,-0.177458191659162,-0.0713433686151206,0.101167471478821,-0.0581239001082999,0
-33.9950980392157,29.6129886916729,-0.0933995011885974,0.218025576932416,-0.182380150432172,0.196992703079219,0
1.00490196078431,-21.4323959237118,-0.211737266175339,-0.145106929412837,0.0634883204480146,-0.0660391111682905,1
25.0049019607843,-24.7754620125526,0.00436288754339265,-0.210469466561628,-0.134895077417812,0.0573489365553189,1
10.0049019607843,-22.6290930927138,-0.204707401699545,-0.132425692421573,-0.0697109136876817,-0.0286155058667459,1
-52.9950980392157,-3.79905014327865,-0.125749037513908,-0.149702865851502,-0.0296270902627308,-0.0413651139108903,1
6.00490196078431,-19.5311622517234,0.0154155855087006,-0.190104024063406,0.0584580421445038,-0.0340054323039797,1
-60.9950980392157,45.3956149542988,0.0367429868431827,-0.0713292177776856,-0.207677383085609,0.110549544514679,0
-71.9950980392157,53.6891384242928,0.0237250517097036,-0.0499073801629207,-0.238498881188235,0.130887599503815,0
-5.99509803921569,-17.1990271186039,-0.17885756351941,-0.260777366020605,-0.104281329297617,0.0225358465467631,1
-5.99509803921569,15.5835815770483,0.00618644600375062,0.00152032959409132,0.152578309594147,-0.142953884352567,0
106.004901960784,-11.5081071987382,0.302254358464311,0.368396399854487,-0.127747618675216,0.175148577673265,0
-1.99509803921569,-19.6958050826463,0.976035099747943,-0.106139382965003,-0.611550888535002,0.0729761857815027,1
-21.9950980392157,26.8418494511666,0.00755166893188963,0.0839621389246133,0.192583740690676,-0.178023122582004,0
4.00490196078431,-20.4145398254375,-0.161331497475462,-0.166572950988672,0.0701721322665001,-0.0212463377613273,1
31.0049019607843,4.72954041581075,0.0582747135172607,0.204086485107893,-0.0389577717365571,0.286013818363959,0
-12.9950980392157,19.0964033258192,-0.0874542587103724,0.0282360841330763,0.090793990058922,0.0273269853344379,0
-38.9950980392157,34.5966250553088,0.0786897448856007,-0.100215875272836,0.142923017098753,-0.0082252002837827,0
-27.9950980392157,28.3104778691621,0.0774751999397446,0.44294139153365,0.0973852605762434,0.0376546929835068,0
23.0049019607843,9.45568372713385,-0.0733904776998884,0.394786587529513,0.132875725683192,-0.0485592279261361,0
-20.9950980392157,-13.3586079469827,-0.11545526691026,-0.211175686989589,0.0445023735852055,-0.117351389027413,1
-6.99509803921569,-18.2201859115018,-0.0742897607006444,-0.22718106832243,-0.0127539404616028,0.0102366836628512,1
8.00490196078431,11.4850486167664,-0.135879028050133,-0.0324428601183077,0.0909203154196297,0.0229512145634722,0
14.0049019607843,-22.5336779749939,-0.179682737039717,-0.311292511959192,-0.0716253693561285,0.0018354549902472,1
25.0049019607843,-24.9585606041017,-0.118326101068301,-0.237931957768771,0.159963861631704,0.035823071508061,1
-26.9950980392157,28.0381611054659,0.0349875422603666,-0.00198850072472567,-0.292680092556535,0.189586250180918,0
-46.9950980392157,-7.01323772342145,-0.0928176940114104,-0.262445405923343,0.106426409623791,-0.0200923855805634,1
-1.99509803921569,17.5220937500386,0.167819543132676,0.791419948599513,0.220066266309008,0.11021130160031,0
90.0049019607843,-8.25956145159365,0.623189138958353,0.604864784044703,0.0364199870775595,0.0867270858952945,0
-8.99509803921569,19.4609886916729,-0.00637440138945333,0.149691517394622,0.238021468961933,-0.111133682397043,0
-34.9950980392157,30.9053101202443,0.0612543421779876,0.0372104497318794,0.119411162951225,-0.0332035542607429,0
114.004901960784,-13.848244552295,-0.0499834334246483,-0.102843104675847,-0.0326994489768438,0.106843684904652,0
16.0049019607843,-22.9870113083271,-0.190362975617046,-0.204346384421294,-0.105227733701002,-0.00882512878890659,1
24.0049019607843,9.57821837365165,-0.233444966318317,-0.000471747046016713,-0.117664187692877,0.188008881776843,0
-9.99509803921569,-15.3770514689698,-0.0238874384766143,-0.106739561391381,-0.346340134896693,-0.0671566134326075,1
-27.9950980392157,27.6741142327983,-0.0740709045048824,-0.110764037230694,0.0878189138726972,-0.155928870351874,0
29.0049019607843,-25.894789086105,-0.250558703980342,-0.0574994687636927,0.171638616560787,-0.0184145505369377,1
-23.9950980392157,26.18405252146,0.0876512293846556,0.148970988984987,-0.217697569472395,0.0209381845835157,0
-9.99509803921569,19.723350137456,-0.0541501355092524,-0.0528784403093276,0.0400338216258777,-0.0512891888791364,0
-21.9950980392157,-12.9007665825888,0.188094560377649,-0.189683717026611,-0.45198456859876,0.0441321463863992,1
-32.9950980392157,-10.3316130782387,0.800630465894733,-0.0341450035226146,-0.589256467011684,-0.0482664411230924,1
-39.9950980392157,-8.07705697042765,-0.12254416268797,-0.20613123628202,-0.0782022386223348,-0.0085156991419351,1
45.0049019607843,0.484962375883356,0.0270389091129937,0.122812318691343,-0.141046016107024,0.0793599451447788,0
-55.9950980392157,43.6354517458599,0.354928501412585,0.386366256373857,-0.208309243278809,0.133835588149768,0
34.0049019607843,-26.3755437315354,-0.138195029744668,-0.179267095982977,-0.0262827165600948,-0.132118738762877,1
-13.9950980392157,20.1819682835095,-0.141807626328192,-0.142241740870508,-0.00348570253227157,0.051096660851006,0
-43.9950980392157,37.2353142730678,0.201660365504174,0.540759043354393,0.174358644196298,-0.0425306688111418,0
-36.9950980392157,-11.6417860831019,-0.164462284369145,-0.154799282645564,-0.116324335020957,0.0482405317975299,1
10.0049019607843,-22.0826246912267,-0.0400565418721023,-0.266139445445264,0.0594022972444147,-0.145742157192042,1
-3.99509803921569,14.9565181034375,0.300510743197187,0.347255360516024,0.118489750438411,-0.032508297343678,0
30.0049019607843,9.29907865707075,0.808237013372903,0.611752616856003,-0.0495500910517554,0.0966784866698385,0
-35.9950980392157,-8.97015032178005,-0.166967541970592,-0.235722152445047,-0.113249339390801,0.0112299758749509,1
-3.99509803921569,-18.9179917004841,-0.0692966910880354,-0.151068018157009,0.0919540198319923,-0.0098463313188561,1
-7.99509803921569,-19.6000790374109,-0.153209649965792,-0.163684948296402,-0.145579110391641,0.027008032893609,1
-8.99509803921569,-18.2990113083272,-0.0355423140031114,-0.0130806391038056,-0.0824051975689547,0.0714496662376292,1
29.0049019607843,-25.3253446416605,-0.151862825754645,-0.222570736609724,-0.0555913210460131,-0.14673390003301,1
-30.9950980392157,-14.4284148170991,0.115709865918598,0.141941729212533,-0.119926593952188,-0.111338897262059,1
-28.9950980392157,29.711249561238,-0.0191143182337143,-0.125171973189685,0.131131976146936,0.0410719571681707,0
-12.9950980392157,-17.5824584627986,-0.0330226780915124,0.0872267386899613,-0.077135685241263,-0.100028703698317,1
65.0049019607843,-30.0275051354877,0.0496486591082667,-0.176591084361859,-0.0737680145270539,0.0909687649171518,1
-49.9950980392157,38.8076298399978,0.0587513439077426,0.115602038846869,-0.0445558875372258,0.0407138420923665,0
-44.9950980392157,33.1189700000838,0.129426832883727,0.14116693131652,-0.298097877491333,0.0233847214760927,0
-13.9950980392157,21.1044172631015,-0.00416379996196936,0.0591800748337483,-0.181012351080739,0.208585914005687,0
13.0049019607843,10.43078280932,-0.197107914678213,-0.170264670936048,0.0991013826497103,-0.0332172070964353,0
170.004901960784,-20.0278504691664,0.0196784552651407,0.146602675493642,0.0411224576981646,0.0315722526723027,0
78.0049019607843,-5.17561664957345,0.204539289525646,0.217015330593826,0.22406295148694,0.0220487249567624,0
12.0049019607843,-24.5090777289914,-0.282332305854558,-0.141000123804047,-0.0350983825126168,-0.001740546087619,1
-28.9950980392157,-13.5191852213706,-0.171993727486966,-0.209383083285218,0.108807180391883,0.0533137945195728,1
-1.99509803921569,-19.6646766779769,-0.190764174720812,-0.261342075129432,-0.0122288263338053,-0.0362483516829092,1
-53.9950980392157,41.7085984477709,0.000977002310425634,0.0878444077714263,0.173181015694123,-0.0878054081084035,0
5.00490196078431,15.7504129340971,0.000860259865345658,0.0379055180207883,-0.228886717238965,0.107800744280812,0
2.00490196078431,-22.2080074769096,-0.0941341716972904,-0.27786740602858,-0.0562932562711452,0.0258448079984662,1
-50.9950980392157,40.2579886916728,-0.0928645599766134,-0.0202340832301626,-0.0780506343195935,0.153291279300194,0
-1.99509803921569,-18.6802408803116,-0.174416687516721,-0.103731695648737,-0.128099315482571,-0.0728878190123985,1
-45.9950980392157,36.7949605226589,0.558040041947393,0.27458090102806,0.227053493077868,-0.230029166339036,0
54.0049019607843,-29.2535927779757,-0.0714673557944964,-0.253106263970808,0.19090927689384,0.0460843004477651,1
0.00490196078430927,-18.7589032002191,0.0416857694513546,-0.209027554669955,-0.162441017368019,-0.0009926929858603,1
7.00490196078431,11.6856202706202,-0.16686052292043,-0.130901265562426,0.161712728265437,-0.0500674098613876,0
-48.9950980392157,34.8520363107208,0.298649973807074,0.366028517924835,0.272064620333449,-0.161480308814827,0
-47.9950980392157,36.9955479333788,-0.148865285055942,-0.180004223624225,0.142076947500106,-0.0182742198444115,0
-13.9950980392157,19.941151956979,0.11939472007498,0.0366798517210033,0.114721705979163,-0.100443702225383,0
55.0049019607843,-31.2969476140596,-0.280020212216623,-0.261226178586207,0.0534250728390047,-0.0495281947437833,1
0.00490196078430927,-19.9403703816863,-0.107654347074418,-0.305669746213896,-0.0333988993550483,-0.0486746770751692,1
60.0049019607843,-5.06450347133655,-0.0869713601908644,0.0126751809213084,0.0478770126747129,-0.0963841813610265,0
-61.9950980392157,47.5136993515708,0.0632508131660636,0.0646556077909803,0.0823824663736751,-0.150109808612126,0
4.00490196078431,-22.528608266502,-0.29352964600737,-0.187420351343914,0.0567575457128204,-0.0417373168801575,1
-29.9950980392157,-14.0984523563621,-0.218434833969808,-0.121030862882497,-0.121459788627791,0.0142499702170148,1
-11.9950980392157,21.1856202706202,-0.0285530474559874,-0.0328202807591996,0.0917077073557932,-0.0277981840815508,0
9.00490196078431,-19.8744739948944,-0.133576053724341,-0.263540872447583,0.0470293481895278,0.0241439146492,1
-25.9950980392157,-13.2361100207736,0.0194045091746257,-0.165588749771694,-0.161924237951011,-0.0707445670019795,1
146.004901960784,-20.592937234253,0.134217920167341,0.533399992143743,0.0824840696974733,-0.105634792024178,0
10.0049019607843,-21.8298365871375,-0.146567031940538,-0.115593036689639,-0.200802121700867,-0.0099391425847089,1
-26.9950980392157,-11.9445975152237,-0.101036571985947,0.0731069395932143,-0.0458764557349608,-0.0285126805401443,1
-45.9950980392157,36.5930825883868,0.0177573739377667,0.0144153858566584,0.106380828717972,-0.0375826885372496,0
-22.9950980392157,27.3957005560796,-0.157501575135478,0.124472229751854,-0.175589677327902,0.146619192266046,0
-51.9950980392157,-3.56266348224015,-0.235003628199792,-0.226130591137388,0.197063141853459,-0.00468764974425299,1
-10.9950980392157,-17.0363661470369,-0.115703016333934,-0.134584155673276,-0.0236114811547143,-0.120491975268833,1
38.0049019607843,-27.1532065945225,-0.161487575568026,-0.152636956694325,-0.0855969956493423,-0.0228116636936927,1
-54.9950980392157,-4.43563875930755,0.119532810202177,-0.105169004078002,0.0868879867464539,0.0110114729281043,1
-18.9950980392157,-14.3878446416605,-0.102134592638334,-0.0243390234968046,0.133941594571811,0.0032988783155142,1
-45.9950980392157,-7.97029769330365,-0.176263414648177,-0.133895457052954,-0.032717267451932,-0.0472476092994819,1
-36.9950980392157,-8.75890320021905,-0.0851637823231083,-0.193109514401955,0.0834944730346084,-0.0293122904955352,1
-82.9950980392157,6.30344323712735,-0.182714820359248,-0.239056912902252,0.0545107655711121,-0.0721635368357855,1
0.00490196078430927,-19.0021464434623,-0.227413407013647,-0.187825455375385,0.0970740515256731,0.0213595249752879,1
-28.9950980392157,-12.8409243518054,-0.137217639889564,-0.327660431541202,0.00672234529292448,-0.0922041469363345,1
26.0049019607843,-26.9161341153446,-0.181884399327561,-0.244524125608313,-0.0967385215331823,-0.0175426436607286,1
15.0049019607843,-22.2794200674512,0.0569462320753427,0.0183728071642003,-0.274592181814255,0.0951363600761937,1
0.00490196078430927,16.291289849974,-0.0175663738321233,-0.0254415808592157,0.0754462199774051,-0.0165325755380237,0
-10.9950980392157,-17.0565274373594,-0.110718130679408,0.0468692452602624,-0.134264925185103,-0.151181022320655,1
-48.9950980392157,39.7091791678629,-0.0523224946647783,-0.0592888100573297,0.0165816782199147,-0.0422579258215108,0
-44.9950980392157,-6.50252532701875,-0.0938845378821463,-0.247933238542964,-0.0549855424091466,-0.0014207914081097,1
-5.99509803921569,17.824688296416,-0.100876690442402,0.102948802967189,0.119083769796942,0.0653376791083006,0
28.0049019607843,-23.5360008553655,-0.0271186443910694,-0.225075851683003,-0.111019161068408,0.0614678193397916,1
-21.9950980392157,25.6730730798585,0.167559057822449,0.236952705236291,0.186210968009434,-0.0817575349533345,0
7.00490196078431,14.4450187668609,-0.134539604057405,-0.201360657583251,-0.0483764548163531,0.176640311697778,0
3.00490196078431,-22.012049476266,-0.160118548296382,0.139773319727308,0.0684387565270292,-0.104455495502113,1
20.0049019607843,-23.7630686559975,-0.243668825734808,-0.159473184910832,0.0388119289704125,0.120280048556448,1
-2.99509803921569,-19.6834175583272,-0.220968847471422,-0.241280675134711,0.155954997586838,0.00264959199123301,1
-4.99509803921569,-17.4378774500595,-0.0812930782808434,-0.0677427825910606,-0.0361293369128695,-0.0381099297177156,1
16.0049019607843,-23.0851931265089,-0.173796043559467,-0.193920265719736,-0.0533071466975429,0.0109890655687787,1
72.0049019607843,-33.4561351753967,-0.189268397796691,-0.272458148582211,-0.00623757440217327,-0.0034148129042378,1
9.00490196078431,10.6441827215235,-0.164867162753617,-0.126088841908149,0.158727342388581,-0.0319058694058189,0
120.004901960784,-12.8432646064801,-0.0408236378288074,-0.139728872311508,-0.0507917583752318,0.0576392424973284,0
-2.99509803921569,16.7228324416728,0.507160534965123,0.529837563889533,0.00545213471862165,0.0214163998696393,0
-17.9950980392157,-14.601451142352,-0.160611533605124,-0.25524289613317,-0.107720353018684,0.0037599473329816,1
65.0049019607843,-2.83923353054935,-0.0829148922176703,0.125242013676759,-0.0631638936023006,0.0261828146787192,0
-14.9950980392157,23.3870870523286,-0.0444967323405364,0.0668746050108283,0.191957531670566,0.0850457857515095,0
15.0049019607843,11.0891930712348,1.25934867516079,0.780248863511673,0.10725399735514,-0.128157648680416,0
40.0049019607843,-0.820188565852249,-0.0376620630349834,0.340031420379298,0.14904787421978,-0.105206014509096,0
-28.9950980392157,29.1808147786294,0.0311927822985436,0.552180415544673,0.0713795139808848,0.0801616436896757,0
55.0049019607843,-1.35108774144815,-0.00669736325831138,-0.0101304026565117,0.0395657125341063,0.0158568389287052,0
8.00490196078431,-21.7471611210613,-0.155332598236095,-0.281071496994308,-0.142445816429644,-0.0311472999576587,1
-30.9950980392157,-12.7661341153446,-0.0885529165978364,-0.203372761921897,-0.0224194600351328,0.0987218022021816,1
-39.9950980392157,35.0553631208969,-0.0910285916735794,-0.0791130936404347,0.011735767889179,-0.119959947104925,0
-18.9950980392157,-15.6920113083272,0.0421586309418206,0.0561323634395113,-0.0859055644373213,0.0019347687578289,1
-54.9950980392157,-3.66603091617026,0.0511548750364726,0.0273511679194673,-0.120291442525606,0.0089695715301342,1
8.00490196078431,12.9944119126467,-0.169608212081067,-0.0800641294753827,0.124209284931829,-0.0583087323489709,0
-17.9950980392157,-14.8587125531404,-0.185008317583909,-0.115708730512741,-0.0886859086838203,0.046489354224707,1
-3.99509803921569,-20.4748544455821,-0.184126185023884,-0.203659907635591,-0.0336522796333069,0.0486452485038214,1
35.0049019607843,-27.5438820566265,0.0232807244854927,-0.0937368047373506,-0.202599844275531,0.0333569469372841,1
13.0049019607843,11.7543122210846,-0.0738854999762704,-0.196580195499841,-0.0542734523163882,0.18273787362396,0
-1.99509803921569,-18.9175949659148,-0.211976957615304,-0.270746837304454,-0.0494189875496474,0.0655919036070977,1
15.0049019607843,11.6913828522568,0.108323196214474,0.298625001799233,0.155033867291531,-0.120779153465973,0
-25.9950980392157,25.7724736702137,-0.171119614863348,-0.141779439024355,0.113902693548808,-0.0055940310565924,0
-13.9950980392157,-18.8261949817965,-0.0610901154473434,-0.114565978752751,0.0417240168098626,0.043398881151225,1
-5.99509803921569,17.8484037114357,0.0628284435979987,0.175607393077566,0.124840085416804,-0.0882537469084125,0
11.0049019607843,-23.8707150120308,-0.216777444237336,-0.251031859744964,-0.0921737359350893,0.176656604536844,1
-5.99509803921569,19.0657950157836,0.133629547128059,0.179201522352487,0.0583905518324646,-0.108182203907792,0
-54.9950980392157,41.6133808485359,0.182908544753667,0.118740402175193,-0.177923293830828,0.174175830793381,0
-57.9950980392157,44.0285110797329,-0.00985200897396932,-0.0582052225172526,-0.149318583357757,0.180160299163294,0
-35.9950980392157,31.6486837589378,-0.0591223507306033,0.0768116511647563,0.0386024296371629,0.0345613337407879,0
-54.9950980392157,43.7310279073589,0.0500418491645936,-0.0309443646279477,-0.302780301049639,0.302156940995224,0
-24.9950980392157,24.303928862613,0.114877493909797,-0.00190317678356366,-0.157561908245667,0.139637639169393,0
-68.9950980392157,48.8329886916729,0.00119393110902566,-0.0428470058454016,0.196110048399702,-0.0020434641427539,0
10.0049019607843,-22.8744462525651,-0.204513783109234,-0.299566125708198,-0.142693730698478,-0.0745141881934775,1
84.0049019607843,-4.85534950074695,-0.109925999762095,-0.131631403078067,0.0790175283103294,0.012706102611755,0
-18.9950980392157,24.3288220250061,0.161561237299405,0.298282060130989,0.0917154183903778,-0.156252754548456,0
36.0049019607843,-26.4466723252764,0.109980468582937,0.0379638899818674,-0.117167975996721,-0.0050757715478221,1
-18.9950980392157,21.2954886916728,0.350283874311915,0.477304399750103,-0.0400768204366998,-0.0249251606340094,0
-6.99509803921569,21.7163220250061,-0.00216869878472437,-0.0298043142964116,0.0898591310678335,-0.0534646189287094,0
40.0049019607843,4.60456059802735,0.102429015081594,0.0473130846277663,0.082087010922978,-0.0241205842668958,0
17.0049019607843,-24.9720837720953,-0.166853406048692,-0.149645792005609,-0.0165006183602126,0.070712953801699,1
-6.99509803921569,18.6567982154824,0.113201197426191,0.19706059654718,0.154689654350104,0.0301036921696683,0
42.0049019607843,-28.1660146305862,-0.254903537673518,-0.0197762096840206,0.137538590921488,-0.0291331916060525,1
14.0049019607843,8.28683484551905,0.0601161118324817,0.0467716706964594,0.205331702503202,0.0027922527511298,0
38.0049019607843,4.08921764790185,-0.0827406750172894,-0.0961870185006496,-0.14439958733123,0.183640104678758,0
-38.9950980392157,34.9420796007638,0.369312077606708,0.206416521530434,0.0980796456785029,0.0770188750444522,0
0.00490196078430927,14.6310581897423,0.0713196136514627,0.402447895106816,0.124496489513277,-0.058639596457759,0
69.0049019607843,-3.62310886930275,-0.0396809165316553,-0.0292208903126606,0.0684323793412391,0.0411618105798484,0
-16.9950980392157,-14.5364327959305,0.335701310371758,-0.221171755611419,-0.198353118735646,-0.0293831493893484,1
22.0049019607843,6.36786413651275,-0.0282541207221024,0.206603647899613,0.0903935541884588,-0.0836776540717035,0
-48.9950980392157,38.2377505964349,-0.108725679496606,-0.15329342102401,0.142502243538001,-0.0744601504612025,0
